subcat,prd_name,prd_url
Grooming,Ikon Men Shaver IK-7500,/en-ae/ikon-men-shaver-ik-7500/p/1490997
Grooming,Ikon Men Shaver IK-7500,/en-ae/ikon-men-shaver-ik-8108/p/1439624
Grooming,Ikon Men Shaver IK-7500,/en-ae/ikon-men-s-shaver-ik-7100/p/996868
Grooming,Ikon Men Shaver IK-7500,/en-ae/ikon-mens-shaver-ik-9600/p/1439626
Grooming,Ikon Men Shaver IK-7500,/en-ae/pcd-eyebrow-trimmer-assorted/p/2061738
Grooming,Ikon Men Shaver IK-7500,/en-ae/moser-nose-and-ear-trimmer-4900-0050/p/2040327
Grooming,Ikon Men Shaver IK-7500,/en-ae/ikon-men-s-shaver-ik-8703/p/1439623
Grooming,Ikon Men Shaver IK-7500,/en-ae/ikon-hair-clipper-ik-3031/p/995228
Grooming,Ikon Men Shaver IK-7500,/en-ae/ikon-hair-trimmer-combo-set-ik-825/p/1135803
Grooming,Ikon Men Shaver IK-7500,/en-ae/ikon-mens-grooming-kit-ik-t1207/p/1733345
Hair Dryers & Curlers,Panasonic Hair Dryer EH-ND21 1200W,/en-ae/panasonic-hair-dryer-eh-nd21-1200w/p/843374
Grooming,Ikon Men Shaver IK-7500,/en-ae/philips-ipl-hair-remover-lumea-bri921-60-/p/1544838
Grooming,Ikon Men Shaver IK-7500,/en-ae/braun-beard-trimmer-bt3221/p/1707666
Grooming,Ikon Men Shaver IK-7500,/en-ae/braun-6in1-mens-trimmer-mgk3220/p/1708568
Hair Dryers & Curlers,Panasonic Hair Dryer EH-ND21 1200W,/en-ae/braun-hair-dryer-hd580/p/1074194
Hair Dryers & Curlers,Panasonic Hair Dryer EH-ND21 1200W,/en-ae/panasonic-hair-dryer-eh-ne84/p/1373343
Hair Dryers & Curlers,Panasonic Hair Dryer EH-ND21 1200W,/en-ae/panasonic-hair-dryer-eh-nd12/p/798116
Hair Dryers & Curlers,Panasonic Hair Dryer EH-ND21 1200W,/en-ae/remington-hair-dryer-d3010-2000w/p/921557
Hair Dryers & Curlers,Panasonic Hair Dryer EH-ND21 1200W,/en-ae/braun-hair-dryer-hd380/p/1074196
Grooming,Ikon Men Shaver IK-7500,/en-ae/philips-lumea-prestige-ipl-cordless-hair-removar/p/1836319
Grooming,Ikon Men Shaver IK-7500,/en-ae/braun-silk-epil-9-wet-dry-epilator-9-720/p/1715241
Grooming,Ikon Men Shaver IK-7500,/en-ae/philips-hair-clipper-hc3525-13/p/1909450
Hair Dryers & Curlers,Panasonic Hair Dryer EH-ND21 1200W,/en-ae/philips-hair-air-styler-hp8663/p/1017550
Hair Dryers & Curlers,Panasonic Hair Dryer EH-ND21 1200W,/en-ae/braun-hair-dryer-hd585/p/1074195
Hair Dryers & Curlers,Panasonic Hair Dryer EH-ND21 1200W,/en-ae/braun-satin-hair-dryer-hd130/p/1016974
Hair Dryers & Curlers,Panasonic Hair Dryer EH-ND21 1200W,/en-ae/braun-satin-hair-dryer-hd180/p/1078619
Grooming,Ikon Men Shaver IK-7500,/en-ae/panasonic-trimmer-er240/p/323454
Grooming,Ikon Men Shaver IK-7500,/en-ae/panasonic-rechargeable-beard-hair-trimmer-er206/p/309622
Grooming,Ikon Men Shaver IK-7500,/en-ae/panasonic-multi-trimmer-ergy10/p/774722
Wi-Fi Range Extenders,Netgear AC750 WiFi Range Extender,/en-ae/netgear-ac750-wifi-range-extender/p/1145195
Titles,Pre-Order F1 23 - PS5,/en-ae/pre-order-f1-23-ps5/p/2118245
Grooming,Ikon Men Shaver IK-7500,/en-ae/panasonic-hair-trimmer-er-217/p/407103
Grooming,Ikon Men Shaver IK-7500,/en-ae/panasonic-trimmer-ergk60-s421/p/1353178
Grooming,Ikon Men Shaver IK-7500,/en-ae/philips-multigroom-face-hair-and-body-trimmer-mg5730-13/p/1357259
Wi-Fi Range Extenders,Netgear AC750 WiFi Range Extender,/en-ae/netgear-ac1200-802-11ac-dual-band-wifi-range-extender/p/1624140
Wi-Fi Range Extenders,Netgear AC750 WiFi Range Extender,/en-ae/tp-link-wifi-router-extender-re305-ac1200/p/1264910
Wi-Fi Range Extenders,Netgear AC750 WiFi Range Extender,/en-ae/tp-link-ac750-wi-fi-range-extender-re220/p/1714628
Wi-Fi Range Extenders,Netgear AC750 WiFi Range Extender,/en-ae/tplink-ac1750-wi-fi-range-extender-re450/p/1131206
Wi-Fi Range Extenders,Netgear AC750 WiFi Range Extender,/en-ae/tp-link-re500-ac1900-universal-wi-fi-range-extender/p/1931282
Titles,Pre-Order F1 23 - PS5,/en-ae/pre-order-f1-23-ps4/p/2118243
Titles,Pre-Order F1 23 - PS5,/en-ae/pre-order-cricket-24-official-game-of-the-ashes-ps5/p/2118247
Titles,Pre-Order F1 23 - PS5,/en-ae/pre-order-cricket-24-official-game-of-the-ashes-ps4/p/2118246
Grooming,Ikon Men Shaver IK-7500,/en-ae/philips-13in1-multi-trimmer-mg7715-13-/p/1411930
Grooming,Ikon Men Shaver IK-7500,/en-ae/babyliss-multi-groom-mt727sde/p/1702342
Grooming,Ikon Men Shaver IK-7500,/en-ae/moser-rechargeable-professional-cord-cordless-clipper-/p/2122044
Wi-Fi Range Extenders,Netgear AC750 WiFi Range Extender,/en-ae/tp-link-re300-ac1200-mesh-wi-fi-range-extender/p/1658224
Wi-Fi Range Extenders,Netgear AC750 WiFi Range Extender,/en-ae/d-link-e15-ax1500-wi-fi-6-ai-range-extender/p/1933220
Wi-Fi Range Extenders,Netgear AC750 WiFi Range Extender,/en-ae/linksys-wifi-range-extender-re6300-db-ac750/p/1177461
Wi-Fi Range Extenders,Netgear AC750 WiFi Range Extender,/en-ae/tp-link-re505x-ax1500-wi-fi-6-range-extender/p/1811410
Titles,Pre-Order F1 23 - PS5,/en-ae/street-fighter-6-steel-book-edition-ps5/p/2115433
Titles,Pre-Order F1 23 - PS5,/en-ae/street-fighter-6-lenticular-edition-ps5/p/2115435
Titles,Pre-Order F1 23 - PS5,/en-ae/street-fighter-6-ps5/p/2115437
Consoles,PlayStation 5 Console (Disc Version) With Controller,/en-ae/playstation-5-console-disc-version-with-controller/p/2085976
Grooming,Ikon Men Shaver IK-7500,/en-ae/philips-wet-dry-electric-shaver-sp9860-13/p/1649873
Grooming,Ikon Men Shaver IK-7500,/en-ae/philips-showerproof-body-groomer-bg3010-13-/p/1491279
Grooming,Ikon Men Shaver IK-7500,/en-ae/philips-wet-dry-epilator-bre-720/p/1757245
Wi-Fi Range Extenders,Netgear AC750 WiFi Range Extender,/en-ae/tp-link-wireless-n-access-point-tl-wa901nd/p/816338
Wi-Fi Range Extenders,Netgear AC750 WiFi Range Extender,/en-ae/d-link-ax1800-mesh-wi-fi-6-range-extenderdap-x1870/p/1851581
Wi-Fi Range Extenders,Netgear AC750 WiFi Range Extender,/en-ae/tp-link-re605x-wireless-dual-band-wifi-range-extender/p/1769709
Wi-Fi Range Extenders,Netgear AC750 WiFi Range Extender,/en-ae/d-link-ac750-dual-band-range-extender-dap1530/p/1489196
Wi-Fi Range Extenders,Netgear AC750 WiFi Range Extender,/en-ae/d-link-ac1200-wi-fi-range-extender-dap-1610/p/1490176
Titles,Pre-Order F1 23 - PS5,/en-ae/street-fighter-6-lenticular-edition-ps4/p/2115434
Titles,Pre-Order F1 23 - PS5,/en-ae/street-fighter-6-steel-book-edition-ps4/p/2115432
Titles,Pre-Order F1 23 - PS5,/en-ae/street-fighter-6-ps4/p/2115436
Consoles,PlayStation 5 Console (Disc Version) With Controller,/en-ae/sony-ps5-digital-console-825gb-cfi-1216b01/p/2039426
Consoles,PlayStation 5 Console (Disc Version) With Controller,/en-ae/sony-playstation-ps5-console-god-of-war-ragnarok/p/2065888
Consoles,PlayStation 5 Console (Disc Version) With Controller,/en-ae/xbox-series-s-all-digital-512gb-console/p/1746221
Consoles,PlayStation 5 Console (Disc Version) With Controller,/en-ae/microsoft-xbox-series-x-1tb-console-forza-horizon-5-/p/2080988
Grooming,Ikon Men Shaver IK-7500,/en-ae/philips-beard-trimmer-bt3222-13/p/1968228
Grooming,Ikon Men Shaver IK-7500,/en-ae/philips-oneblade-shaver-qp2620/p/1904083
Grooming,Ikon Men Shaver IK-7500,/en-ae/philips-wet-dry-epilator-bre700/p/1765549
Wi-Fi Range Extenders,Netgear AC750 WiFi Range Extender,/en-ae/d-l-ink-ac2000-mesh-range-extender-dra-2060-ac2000/p/1595469
Wi-Fi Range Extenders,Netgear AC750 WiFi Range Extender,/en-ae/tplink-ac2600-wi-fi-range-extender-re650/p/1314138
Titles,Pre-Order F1 23 - PS5,/en-ae/take-2-ps4-wwe-2k23/p/2084302
Titles,Pre-Order F1 23 - PS5,/en-ae/take-2-ps5-wwe-2k23/p/2084303
Titles,Pre-Order F1 23 - PS5,/en-ae/playstation-ps5-resident-evil-4-remake-standard-edition/p/2089377
Consoles,PlayStation 5 Console (Disc Version) With Controller,/en-ae/sony-ps5-console-horizon-voucher/p/1997153
Consoles,PlayStation 5 Console (Disc Version) With Controller,/en-ae/xbox-series-s-512-gb-flamingo-console-with-3/p/2058179
Consoles,PlayStation 5 Console (Disc Version) With Controller,/en-ae/sony-playstation-4-console-500gb-call-of-duty-modern/p/2063661
Consoles,PlayStation 5 Console (Disc Version) With Controller,/en-ae/atari-flashback-gold-50th-anniversary-edition-130/p/2038715
Consoles,PlayStation 5 Console (Disc Version) With Controller,/en-ae/sony-playstation-5-standard-disc-edition-console-with/p/2039432
Grooming,Ikon Men Shaver IK-7500,/en-ae/philips-12-in-1-multigrooming-set-mg9710-face-hair/p/1907563
Grooming,Ikon Men Shaver IK-7500,/en-ae/philips-beard-trimmer-bt3208-13-/p/1491292
Grooming,Ikon Men Shaver IK-7500,/en-ae/philips-one-blade-shaver-qp6530-2/p/1909449
Titles,Pre-Order F1 23 - PS5,/en-ae/playstation-ps4-resident-evil-4-remake-standard-edition/p/2089375
Titles,Pre-Order F1 23 - PS5,/en-ae/nintendo-switch-hello-neighbor-2/p/2089396
Titles,Pre-Order F1 23 - PS5,/en-ae/playstation-ps5-star-wars-jedi-survivor-mcy/p/2089397
Consoles,PlayStation 5 Console (Disc Version) With Controller,/en-ae/xbox-series-s-512gb-fortnite-rocket-league-bundle/p/1913032
Consoles,PlayStation 5 Console (Disc Version) With Controller,/en-ae/xbox-series-x-1tb-forza-horizon-5-halo-infinite-/p/1940002
Consoles,PlayStation 5 Console (Disc Version) With Controller,/en-ae/retro-console-blast-legends-flashback-12-built-in-games/p/1534382
Consoles,PlayStation 5 Console (Disc Version) With Controller,/en-ae/activision-flashback-blast-20-built-in-games/p/1534384
Consoles,PlayStation 5 Console (Disc Version) With Controller,/en-ae/sony-playstation-5-console-cd-version-god-of-war/p/2075481
TV,"LG OLED evo TV 65 Inch C2 series, New 2022, Cinema Screen Design 4K Cinema HDR webOS22 with ThinQ AI Pixel Dimming - OLED65C26LA",/en-ae/lg-oled-evo-tv-65-inch-c2-series-new-2022-cinema/p/2003064
Grooming,Ikon Men Shaver IK-7500,/en-ae/philips-wet-dry-shaver-s3122-50/p/1707722
Grooming,Ikon Men Shaver IK-7500,/en-ae/philips-showerproof-body-groomer-bg5020-13-/p/1491291
Grooming,Ikon Men Shaver IK-7500,/en-ae/philips-multi-trimmer-mg3710-13-/p/1367886
Titles,Pre-Order F1 23 - PS5,/en-ae/atomic-heart-playstation-5/p/2083400
Titles,Pre-Order F1 23 - PS5,/en-ae/atomic-heart-playstation-4/p/2083399
Titles,Pre-Order F1 23 - PS5,/en-ae/octopath-traveller-ii-for-ps5/p/2076553
Consoles,PlayStation 5 Console (Disc Version) With Controller,/en-ae/sony-ps5-console-horizon-voucher-demon-souls/p/2038773
Consoles,PlayStation 5 Console (Disc Version) With Controller,/en-ae/xbox-series-x-1tb/p/1746220
Consoles,PlayStation 5 Console (Disc Version) With Controller,/en-ae/nintendo-switch-extended-battery-life-with-neon-blue/p/1676552
Consoles,PlayStation 5 Console (Disc Version) With Controller,/en-ae/atari-flashback-50th-anniversary-edition-110-games/p/2039033
TV,"LG OLED evo TV 65 Inch C2 series, New 2022, Cinema Screen Design 4K Cinema HDR webOS22 with ThinQ AI Pixel Dimming - OLED65C26LA",/en-ae/lg-uhd-4k-smart-tv-65-inch-series-75-hdr10-pro-new/p/2012873
TV,"LG OLED evo TV 65 Inch C2 series, New 2022, Cinema Screen Design 4K Cinema HDR webOS22 with ThinQ AI Pixel Dimming - OLED65C26LA",/en-ae/lg-oled-evo-tv-55-inch-c2-series-new-2022-cinema/p/2003711
TV,"LG OLED evo TV 65 Inch C2 series, New 2022, Cinema Screen Design 4K Cinema HDR webOS22 with ThinQ AI Pixel Dimming - OLED65C26LA",/en-ae/lg-65-inches-ai-thinq-real-4k-led-tv-qned7s-series-/p/2052981
External Storages,Sandisk Extreme Solid State Drive SDSSDE60 2TB,/en-ae/sandisk-extreme-solid-state-drive-sdssde60-2tb/p/1519541
Printers & Scanners,HP Smart Tank 580 All-in-One Printer (1F3Y2A) Grey,/en-ae/hp-smart-tank-580-all-in-one-printer-1f3y2a-grey/p/2095944
Grooming,Ikon Men Shaver IK-7500,/en-ae/philips-hair-clipper-hc3100-13-/p/1359919
Grooming,Ikon Men Shaver IK-7500,/en-ae/panasonic-nose-trimmer-er115/p/117469
Grooming,Ikon Men Shaver IK-7500,/en-ae/philips-wet-or-dry-shaver-s1121-40/p/1685793
Titles,Pre-Order F1 23 - PS5,/en-ae/octopath-traveller-ii-for-ps4/p/2076552
Titles,Pre-Order F1 23 - PS5,/en-ae/pre-order-theatrhythm-final-bar-line-for-ps4/p/2076540
Titles,Pre-Order F1 23 - PS5,/en-ae/pre-order-octopath-traveller-ii-for-nintendo-switch/p/2076554
TV,"LG OLED evo TV 65 Inch C2 series, New 2022, Cinema Screen Design 4K Cinema HDR webOS22 with ThinQ AI Pixel Dimming - OLED65C26LA",/en-ae/samsung-ultra-hd-tv-ua55au7000uxzn-55inch/p/1829515
TV,"LG OLED evo TV 65 Inch C2 series, New 2022, Cinema Screen Design 4K Cinema HDR webOS22 with ThinQ AI Pixel Dimming - OLED65C26LA",/en-ae/sony-bravia-55-inches-4k-hdr-smart-google-tv-/p/2017082
TV,"LG OLED evo TV 65 Inch C2 series, New 2022, Cinema Screen Design 4K Cinema HDR webOS22 with ThinQ AI Pixel Dimming - OLED65C26LA",/en-ae/sony-bravia-65-inches-4k-hdr-led-smart-google-tv-/p/1976023
External Storages,Sandisk Extreme Solid State Drive SDSSDE60 2TB,/en-ae/western-digital-elements-portable-hard-disk-hdd-1-5-tb/p/1793447
External Storages,Sandisk Extreme Solid State Drive SDSSDE60 2TB,/en-ae/sandisk-extreme-pro-microsd-sdsqxcd-512gb/p/2026256
External Storages,Sandisk Extreme Solid State Drive SDSSDE60 2TB,/en-ae/sandisk-extreme-pro-sdxc-card-sdxxu-64gb/p/2026242
Printers & Scanners,HP Smart Tank 580 All-in-One Printer (1F3Y2A) Grey,/en-ae/hp-smart-tank-585-all-in-one-printer-1f3y4a-blue/p/2095945
Printers & Scanners,HP Smart Tank 580 All-in-One Printer (1F3Y2A) Grey,/en-ae/canon-selphy-compact-photo-printer-cp1500-white/p/2103748
Printers & Scanners,HP Smart Tank 580 All-in-One Printer (1F3Y2A) Grey,/en-ae/canon-selphy-compact-photo-printer-cp1500-black/p/2103747
Titles,Pre-Order F1 23 - PS5,/en-ae/ps5-wild-hearts/p/2076539
Titles,Pre-Order F1 23 - PS5,/en-ae/pre-order-theatrhythm-final-bar-line-for-nintendo/p/2076541
Titles,Pre-Order F1 23 - PS5,/en-ae/ps5-dead-space/p/2076538
TV,"LG OLED evo TV 65 Inch C2 series, New 2022, Cinema Screen Design 4K Cinema HDR webOS22 with ThinQ AI Pixel Dimming - OLED65C26LA",/en-ae/lg-uhd-4k-tv-55-inch-cinema-screen-design-new-2022-4k/p/2003068
TV,"LG OLED evo TV 65 Inch C2 series, New 2022, Cinema Screen Design 4K Cinema HDR webOS22 with ThinQ AI Pixel Dimming - OLED65C26LA",/en-ae/lg-uhd-4k-tv-75-inch-uq80-series-new-2022-cinema/p/1976336
TV,"LG OLED evo TV 65 Inch C2 series, New 2022, Cinema Screen Design 4K Cinema HDR webOS22 with ThinQ AI Pixel Dimming - OLED65C26LA",/en-ae/samsung-ultra-hd-tv-ua65au7000uxzn-65inch/p/1829514
External Storages,Sandisk Extreme Solid State Drive SDSSDE60 2TB,/en-ae/sandisk-ultra-uhs-i-microsd-card-256-gb-150mb-s-/p/2038318
External Storages,Sandisk Extreme Solid State Drive SDSSDE60 2TB,/en-ae/western-digital-elements-portable-hard-disk/p/1318114
External Storages,Sandisk Extreme Solid State Drive SDSSDE60 2TB,/en-ae/sandisk-extreme-pro-sdxc-card-sdxxd-128gb/p/2026243
Printers & Scanners,HP Smart Tank 580 All-in-One Printer (1F3Y2A) Grey,/en-ae/canon-ink-tank-printer-pixma-g3470/p/2088223
Printers & Scanners,HP Smart Tank 580 All-in-One Printer (1F3Y2A) Grey,/en-ae/canon-i-sensys-mf-657cdws-laserjet-multi-function/p/2066908
Printers & Scanners,HP Smart Tank 580 All-in-One Printer (1F3Y2A) Grey,/en-ae/epson-a4-ecotank-wifi-ink-tank-printers-l6490/p/2035645
Titles,Pre-Order F1 23 - PS5,/en-ae/ps5-one-piece-odyssey/p/2073468
Titles,Pre-Order F1 23 - PS5,/en-ae/ps5-dragon-ballz-kakarot/p/2073469
Titles,Pre-Order F1 23 - PS5,/en-ae/ps4-one-piece-odyssey/p/2073467
TV,"LG OLED evo TV 65 Inch C2 series, New 2022, Cinema Screen Design 4K Cinema HDR webOS22 with ThinQ AI Pixel Dimming - OLED65C26LA",/en-ae/samsung-65-inches-4k-ultra-hd-smart-led-tv-black-/p/1978235
TV,"LG OLED evo TV 65 Inch C2 series, New 2022, Cinema Screen Design 4K Cinema HDR webOS22 with ThinQ AI Pixel Dimming - OLED65C26LA",/en-ae/nikai-uhd-tv-nik65meu4stn-65-/p/1861297
TV,"LG OLED evo TV 65 Inch C2 series, New 2022, Cinema Screen Design 4K Cinema HDR webOS22 with ThinQ AI Pixel Dimming - OLED65C26LA",/en-ae/lg-nanocell-tv-55-inch-nano77-series-new-2022-cinema/p/2012872
External Storages,Sandisk Extreme Solid State Drive SDSSDE60 2TB,/en-ae/sandisk-extreme-pro-microsd-sdsqxcd-256gb/p/2026255
External Storages,Sandisk Extreme Solid State Drive SDSSDE60 2TB,/en-ae/sandisk-nintendo-licensed-microsdxc-uhs-i-256gb/p/1906478
External Storages,Sandisk Extreme Solid State Drive SDSSDE60 2TB,/en-ae/sandisk-memory-card-extreme-microsd-uhs-i-256gb/p/2026250
Printers & Scanners,HP Smart Tank 580 All-in-One Printer (1F3Y2A) Grey,/en-ae/epson-a4-aio-ink-tank-printers-l3260/p/2019870
Printers & Scanners,HP Smart Tank 580 All-in-One Printer (1F3Y2A) Grey,/en-ae/brother-business-inkjet-printer-with-full-a3/p/2029159
Printers & Scanners,HP Smart Tank 580 All-in-One Printer (1F3Y2A) Grey,/en-ae/epson-a4-4-in-1-aio-ink-tank-printers-l5290/p/2010036
Titles,Pre-Order F1 23 - PS5,/en-ae/nintendo-switch-crisis-core-final-fantasy-vii/p/2059463
Titles,Pre-Order F1 23 - PS5,/en-ae/nfs-unbound-ps5/p/2059458
Titles,Pre-Order F1 23 - PS5,/en-ae/nintendo-switch-just-dance2023/p/2060188
TV,"LG OLED evo TV 65 Inch C2 series, New 2022, Cinema Screen Design 4K Cinema HDR webOS22 with ThinQ AI Pixel Dimming - OLED65C26LA",/en-ae/samsung-75-inches-cu7000-crystal-uhd-4k-led-smart-tv-/p/2105480
TV,"LG OLED evo TV 65 Inch C2 series, New 2022, Cinema Screen Design 4K Cinema HDR webOS22 with ThinQ AI Pixel Dimming - OLED65C26LA",/en-ae/samsung-65-inches-oled-4k-smart-tv-black-titanium-/p/2110908
TV,"LG OLED evo TV 65 Inch C2 series, New 2022, Cinema Screen Design 4K Cinema HDR webOS22 with ThinQ AI Pixel Dimming - OLED65C26LA",/en-ae/hisense-4k-ultra-hd-led-tv-55a62hs-55-/p/2051212
External Storages,Sandisk Extreme Solid State Drive SDSSDE60 2TB,/en-ae/sandisk-extreme-microsdxc-card-sqxaa-128gb/p/2026248
External Storages,Sandisk Extreme Solid State Drive SDSSDE60 2TB,/en-ae/sandisk-extreme-micro-sd-card-with-190mb-s-transfer/p/2026252
External Storages,Sandisk Extreme Solid State Drive SDSSDE60 2TB,/en-ae/sandisk-ultra-uhs-i-microsd-card-512-gb-150mb-s-/p/2038319
Printers & Scanners,HP Smart Tank 580 All-in-One Printer (1F3Y2A) Grey,/en-ae/epson-a4-ecotank-wifi-ink-tank-printers-l6270/p/1981533
Printers & Scanners,HP Smart Tank 580 All-in-One Printer (1F3Y2A) Grey,/en-ae/epson-a4-3-in-1-ink-tank-printers-l3210/p/1993592
Printers & Scanners,HP Smart Tank 580 All-in-One Printer (1F3Y2A) Grey,/en-ae/epson-ecotank-l4260-a4-wi-fi-duplex-all-in-one-ink-tank/p/1981534
Titles,Pre-Order F1 23 - PS5,/en-ae/nintendo-switch-dragon-ball-the-breakers-special/p/2046474
Titles,Pre-Order F1 23 - PS5,/en-ae/call-of-duty-modern-warfare-ii-ps5/p/2045409
Titles,Pre-Order F1 23 - PS5,/en-ae/ps5-gotham-knights/p/2045407
TV,"LG OLED evo TV 65 Inch C2 series, New 2022, Cinema Screen Design 4K Cinema HDR webOS22 with ThinQ AI Pixel Dimming - OLED65C26LA",/en-ae/philips-50-inches-8500-series-4k-uhd-smart-led-tv-/p/1912178
TV,"LG OLED evo TV 65 Inch C2 series, New 2022, Cinema Screen Design 4K Cinema HDR webOS22 with ThinQ AI Pixel Dimming - OLED65C26LA",/en-ae/nikai-uhd-android-smart-led-tv-uhd5510sled-55-inch/p/2061123
TV,"LG OLED evo TV 65 Inch C2 series, New 2022, Cinema Screen Design 4K Cinema HDR webOS22 with ThinQ AI Pixel Dimming - OLED65C26LA",/en-ae/philips-65-inches-4k-ultra-hd-android-smart-led-tv-/p/2075531
External Storages,Sandisk Extreme Solid State Drive SDSSDE60 2TB,/en-ae/sandisk-extreme-sdxc-uhs-i-memory-card-with-180mb-s/p/2026089
External Storages,Sandisk Extreme Solid State Drive SDSSDE60 2TB,/en-ae/sandisk-extreme-microsdxc-memory-card-with-190mb-s/p/2026251
External Storages,Sandisk Extreme Solid State Drive SDSSDE60 2TB,/en-ae/sandisk-ultra-uhs-i-microsd-card-128-gb-140mb-s-/p/2038317
Printers & Scanners,HP Smart Tank 580 All-in-One Printer (1F3Y2A) Grey,/en-ae/hp-smart-tank-725-all-in-one-wireless-ink-tank-printer-/p/1899725
Printers & Scanners,HP Smart Tank 580 All-in-One Printer (1F3Y2A) Grey,/en-ae/epson-l805-a4-wireless-photo-printer-with-wi-fi-black/p/1211370
Printers & Scanners,HP Smart Tank 580 All-in-One Printer (1F3Y2A) Grey,/en-ae/hp-deskjet-ink-advantage-ultra-4828-all-in-one-wireless/p/1913697
Titles,Pre-Order F1 23 - PS5,/en-ae/call-of-duty-modern-warfare-ii-ps4/p/2045408
Titles,Pre-Order F1 23 - PS5,/en-ae/fortnite-anime-legends-ps5/p/2043273
Titles,Pre-Order F1 23 - PS5,/en-ae/nba-2k23-ps5/p/2031471
TV,"LG OLED evo TV 65 Inch C2 series, New 2022, Cinema Screen Design 4K Cinema HDR webOS22 with ThinQ AI Pixel Dimming - OLED65C26LA",/en-ae/skyworth-qled-smart-google-tv-uhd-4k-dolby-vision-hdr/p/2021738
TV,"LG OLED evo TV 65 Inch C2 series, New 2022, Cinema Screen Design 4K Cinema HDR webOS22 with ThinQ AI Pixel Dimming - OLED65C26LA",/en-ae/skyworth-android-4k-uhd-led-50suc8300-50-/p/1757155
TV,"LG OLED evo TV 65 Inch C2 series, New 2022, Cinema Screen Design 4K Cinema HDR webOS22 with ThinQ AI Pixel Dimming - OLED65C26LA",/en-ae/samsung-85-inches-cu7000-crystal-uhd-4k-led-smart-tv-/p/2105479
External Storages,Sandisk Extreme Solid State Drive SDSSDE60 2TB,/en-ae/sandisk-extreme-sdxc-uhs-i-memory-card-with-180mb-s/p/2026090
External Storages,Sandisk Extreme Solid State Drive SDSSDE60 2TB,/en-ae/sandisk-extreme-pro-microsd-sdsqxcd-1tb/p/2026257
External Storages,Sandisk Extreme Solid State Drive SDSSDE60 2TB,/en-ae/sandisk-ultra-uhs-i-microsd-card-1-tb-150mb-s-/p/2038320
Printers & Scanners,HP Smart Tank 580 All-in-One Printer (1F3Y2A) Grey,/en-ae/canon-ink-jet-printer-pixma-tr4640-wi-fi-print-copy-/p/1911492
Printers & Scanners,HP Smart Tank 580 All-in-One Printer (1F3Y2A) Grey,/en-ae/hp-smart-tank-720-all-in-one-wireless-ink-tank-printer-/p/1899724
Printers & Scanners,HP Smart Tank 580 All-in-One Printer (1F3Y2A) Grey,/en-ae/brother-all-in-one-ink-tank-printer-mfct920dw/p/1814751
Titles,Pre-Order F1 23 - PS5,/en-ae/teenage-mutant-ninja-turtles-cowabunga-collection-ps4/p/2028007
Titles,Pre-Order F1 23 - PS5,/en-ae/saints-row-criminal-customs-edition-ps5/p/2021418
Titles,Pre-Order F1 23 - PS5,/en-ae/saints-row-criminal-customs-edition-ps4/p/2021421
TV,"LG OLED evo TV 65 Inch C2 series, New 2022, Cinema Screen Design 4K Cinema HDR webOS22 with ThinQ AI Pixel Dimming - OLED65C26LA",/en-ae/skyworth-qled-google-tv-uhd-4k-hdr10-dolby-vision/p/2021740
TV,"LG OLED evo TV 65 Inch C2 series, New 2022, Cinema Screen Design 4K Cinema HDR webOS22 with ThinQ AI Pixel Dimming - OLED65C26LA",/en-ae/philips-75-inches-8200-series-4k-uhd-smart-led-tv-/p/1887210
TV,"LG OLED evo TV 65 Inch C2 series, New 2022, Cinema Screen Design 4K Cinema HDR webOS22 with ThinQ AI Pixel Dimming - OLED65C26LA",/en-ae/samsung-65-inches-q60c-qled-4k-smart-tv-qa65q60cauxzn/p/2105432
External Storages,Sandisk Extreme Solid State Drive SDSSDE60 2TB,/en-ae/sandisk-portable-ssd-sdssde30-2t00-g25-2tb/p/1827610
External Storages,Sandisk Extreme Solid State Drive SDSSDE60 2TB,/en-ae/sandisk-2tb-extreme-pro-portable-ssd-sdssde81/p/1798263
External Storages,Sandisk Extreme Solid State Drive SDSSDE60 2TB,/en-ae/sandisk-4tb-extreme-portable-ssd-sdssde61/p/1931736
Printers & Scanners,HP Smart Tank 580 All-in-One Printer (1F3Y2A) Grey,/en-ae/canon-selphy-square-qx10-compact-photo-printer-white/p/1788814
Printers & Scanners,HP Smart Tank 580 All-in-One Printer (1F3Y2A) Grey,/en-ae/canon-selphy-square-qx10-compact-photo-printer-black/p/1794645
Printers & Scanners,HP Smart Tank 580 All-in-One Printer (1F3Y2A) Grey,/en-ae/brother-dcp-t520w-all-in-one-ink-tank-refill-system/p/1814737
Electric Toothbrush,Philips Sonicare Electric Toothbrush HX-3415,/en-ae/philips-sonicare-electric-toothbrush-hx-3415/p/1712069
TV,"LG OLED evo TV 65 Inch C2 series, New 2022, Cinema Screen Design 4K Cinema HDR webOS22 with ThinQ AI Pixel Dimming - OLED65C26LA",/en-ae/hisense-100-inches-4k-led-laser-tv-black-100l5/p/1717139
TV,"LG OLED evo TV 65 Inch C2 series, New 2022, Cinema Screen Design 4K Cinema HDR webOS22 with ThinQ AI Pixel Dimming - OLED65C26LA",/en-ae/samsung-75-inches-neo-qled-8k-smart-tv-qa75qn900cuxzn/p/2105287
TV,"LG OLED evo TV 65 Inch C2 series, New 2022, Cinema Screen Design 4K Cinema HDR webOS22 with ThinQ AI Pixel Dimming - OLED65C26LA",/en-ae/hisense-58-inches-4k-smart-uhd-tv-black-58a61g/p/1853180
External Storages,Sandisk Extreme Solid State Drive SDSSDE60 2TB,/en-ae/sandisk-4tb-extreme-pro-portable-ssd-sdssde81/p/1948429
External Storages,Sandisk Extreme Solid State Drive SDSSDE60 2TB,/en-ae/sandisk-extreme-pro-sdxc-card-sdxxd-512gb/p/2026245
External Storages,Sandisk Extreme Solid State Drive SDSSDE60 2TB,/en-ae/sandisk-extreme-pro-portable-1-tb-2-5-external-ssd/p/1798262
Printers & Scanners,HP Smart Tank 580 All-in-One Printer (1F3Y2A) Grey,/en-ae/brother-dcp-t720dw-reliable-multifunction-printer/p/1814746
Printers & Scanners,HP Smart Tank 580 All-in-One Printer (1F3Y2A) Grey,/en-ae/hp-deskjet-2720-wireless-all-in-one-printer-3xv18b-/p/1739399
Printers & Scanners,HP Smart Tank 580 All-in-One Printer (1F3Y2A) Grey,/en-ae/canon-inkjet-printer-pixma-ts-5340/p/1685714
Electric Toothbrush,Philips Sonicare Electric Toothbrush HX-3415,/en-ae/oral-b-cross-action-brush-heads-4-eb50-4/p/1138180
Electric Toothbrush,Philips Sonicare Electric Toothbrush HX-3415,/en-ae/oral-b-vitality-d100-rechargeable-toothbrush-413-1/p/1651111
Electric Toothbrush,Philips Sonicare Electric Toothbrush HX-3415,/en-ae/jordan-rechargeable-toothbrush-clean-smile/p/1685390
Laptops,"Lenovo IdeaPad 3 Laptop – 11th Gen Core i5-1155G7, 8GB RAM, 512GB SSD,Windows11Home 15.6inch FHD, Grey English/Arabic Keyboard 82H8033NAX (2022) Middle East Version",/en-ae/lenovo-ideapad-3-laptop-11th-gen-core-i5-1155g7-8gb/p/2109124
TV,"LG OLED evo TV 65 Inch C2 series, New 2022, Cinema Screen Design 4K Cinema HDR webOS22 with ThinQ AI Pixel Dimming - OLED65C26LA",/en-ae/hisense-75-inches-4k-smart-uled-tv-black-75u8hq/p/2051184
TV,"LG OLED evo TV 65 Inch C2 series, New 2022, Cinema Screen Design 4K Cinema HDR webOS22 with ThinQ AI Pixel Dimming - OLED65C26LA",/en-ae/samsung-qled-4k-flat-smart-tv-qa75q70tauxzn-75-/p/1697231
TV,"LG OLED evo TV 65 Inch C2 series, New 2022, Cinema Screen Design 4K Cinema HDR webOS22 with ThinQ AI Pixel Dimming - OLED65C26LA",/en-ae/tcl-75-inches-4k-smart-google-qled-tv-75c635/p/2016994
External Storages,Sandisk Extreme Solid State Drive SDSSDE60 2TB,/en-ae/wd-black-d10-game-drive-8-tb-3-5-external-hard-drive/p/1906482
External Storages,Sandisk Extreme Solid State Drive SDSSDE60 2TB,/en-ae/sandisk-extreme-portable-ssd-v2sdssde61-2tb/p/1778575
External Storages,Sandisk Extreme Solid State Drive SDSSDE60 2TB,/en-ae/wd-elements-portable-5tb-black-worldwide/p/1756176
Printers & Scanners,HP Smart Tank 580 All-in-One Printer (1F3Y2A) Grey,/en-ae/hp-deskjet-plus-4120-all-in-one-wireless-printer/p/1735293
Printers & Scanners,HP Smart Tank 580 All-in-One Printer (1F3Y2A) Grey,/en-ae/hp-smart-tank-519-all-in-one-wireless-ink-tank-printer/p/1705191
Printers & Scanners,HP Smart Tank 580 All-in-One Printer (1F3Y2A) Grey,/en-ae/hp-color-laserjet-pro-mfp-m283fdw-colour-laser/p/1689784
Electric Toothbrush,Philips Sonicare Electric Toothbrush HX-3415,/en-ae/oral-b-vitality-io7-electric-toothbrush-white/p/1884924
Electric Toothbrush,Philips Sonicare Electric Toothbrush HX-3415,/en-ae/philips-one-by-sonicare-battery-toothbrush-mint-light/p/1999729
Electric Toothbrush,Philips Sonicare Electric Toothbrush HX-3415,/en-ae/philips-sonicare-diamondclean-sonic-electric-toothbrush/p/1160079
Laptops,"Lenovo IdeaPad 3 Laptop – 11th Gen Core i5-1155G7, 8GB RAM, 512GB SSD,Windows11Home 15.6inch FHD, Grey English/Arabic Keyboard 82H8033NAX (2022) Middle East Version",/en-ae/apple-macbook-air-13-mgn63ab-a-apple-m1-chip-with/p/1766174
Laptops,"Lenovo IdeaPad 3 Laptop – 11th Gen Core i5-1155G7, 8GB RAM, 512GB SSD,Windows11Home 15.6inch FHD, Grey English/Arabic Keyboard 82H8033NAX (2022) Middle East Version",/en-ae/asus-x515-laptop-15-6-inches-intel-celeron-n4020-4gb/p/2080312
Laptops,"Lenovo IdeaPad 3 Laptop – 11th Gen Core i5-1155G7, 8GB RAM, 512GB SSD,Windows11Home 15.6inch FHD, Grey English/Arabic Keyboard 82H8033NAX (2022) Middle East Version",/en-ae/ikon-convertible-idees-ik-cnb08-laptop-4gb-64gb-ssd-/p/1730174
Entertainment & Software,"Sony Wallet Top-up Digital Gift Card, 83 USD",/en-ae/sony-wallet-top-up-digital-gift-card-83-usd/p/1983960
Health Monitors,Universal Infrared Thermometer FY-01,/en-ae/universal-infrared-thermometer-fy-01/p/1714425
TV,"LG OLED evo TV 65 Inch C2 series, New 2022, Cinema Screen Design 4K Cinema HDR webOS22 with ThinQ AI Pixel Dimming - OLED65C26LA",/en-ae/skyworth-google-android-4k-tv-86suc9500-86inches/p/1847492
TV,"LG OLED evo TV 65 Inch C2 series, New 2022, Cinema Screen Design 4K Cinema HDR webOS22 with ThinQ AI Pixel Dimming - OLED65C26LA",/en-ae/tcl-43inch-4k-google-smart-led-tv-43p637/p/2021127
TV,"LG OLED evo TV 65 Inch C2 series, New 2022, Cinema Screen Design 4K Cinema HDR webOS22 with ThinQ AI Pixel Dimming - OLED65C26LA",/en-ae/hisense-70-inches-4k-uhd-led-smart-tv-black-70a6eg/p/2051191
External Storages,Sandisk Extreme Solid State Drive SDSSDE60 2TB,/en-ae/sandisk-extreme-pro-microsd-sdsqxcd-128gb/p/2026254
External Storages,Sandisk Extreme Solid State Drive SDSSDE60 2TB,/en-ae/sandisk-extreme-portable-ssd-sdssde61-1tb/p/1768926
External Storages,Sandisk Extreme Solid State Drive SDSSDE60 2TB,/en-ae/western-digital-hdd-elementsbu6y0020bbk-2tb/p/942531
Printers & Scanners,HP Smart Tank 580 All-in-One Printer (1F3Y2A) Grey,/en-ae/canon-pixma-ts-3340-all-in-one-inkjet-printer-black/p/1665474
Printers & Scanners,HP Smart Tank 580 All-in-One Printer (1F3Y2A) Grey,/en-ae/hp-smart-tank-530-all-in-one-wireless-ink-tank-printer/p/1658422
Printers & Scanners,HP Smart Tank 580 All-in-One Printer (1F3Y2A) Grey,/en-ae/epson-ecotank-l5190-copy-fax-print-scan-multi-function/p/1637493
Electric Toothbrush,Philips Sonicare Electric Toothbrush HX-3415,/en-ae/oral-b-pro-2000-crossaction-electric-rechargeable/p/1138137
Electric Toothbrush,Philips Sonicare Electric Toothbrush HX-3415,/en-ae/oral-b-vitality-rechargeable-kids-toothbrush-star-wars/p/1373809
Electric Toothbrush,Philips Sonicare Electric Toothbrush HX-3415,/en-ae/philips-one-by-sonicare-brush-head-miami-coral-bh1022/p/1999731
Laptops,"Lenovo IdeaPad 3 Laptop – 11th Gen Core i5-1155G7, 8GB RAM, 512GB SSD,Windows11Home 15.6inch FHD, Grey English/Arabic Keyboard 82H8033NAX (2022) Middle East Version",/en-ae/lenovo-ideapad-gaming-3-82k100vxax-laptop-intel-core/p/2015465
Laptops,"Lenovo IdeaPad 3 Laptop – 11th Gen Core i5-1155G7, 8GB RAM, 512GB SSD,Windows11Home 15.6inch FHD, Grey English/Arabic Keyboard 82H8033NAX (2022) Middle East Version",/en-ae/victus-gaming-laptop-15fb0014-windows-11-home-/p/2049339
Laptops,"Lenovo IdeaPad 3 Laptop – 11th Gen Core i5-1155G7, 8GB RAM, 512GB SSD,Windows11Home 15.6inch FHD, Grey English/Arabic Keyboard 82H8033NAX (2022) Middle East Version",/en-ae/asus-tuf-f15-gaming-laptop-15-6-inches-intel-core/p/2096429
Entertainment & Software,"Sony Wallet Top-up Digital Gift Card, 83 USD",/en-ae/sony-play-station-network-wallet-digital-top-up-card-5/p/1202936
Entertainment & Software,"Sony Wallet Top-up Digital Gift Card, 83 USD",/en-ae/sony-play-station-network-wallet-digital-top-up-card-/p/1582236
Entertainment & Software,"Sony Wallet Top-up Digital Gift Card, 83 USD",/en-ae/sony-play-station-network-wallet-digital-top-up-card-/p/1204491
Health Monitors,Universal Infrared Thermometer FY-01,/en-ae/aicare-a66-forehead-thermometer/p/1696867
Health Monitors,Universal Infrared Thermometer FY-01,/en-ae/onetouch-verio-reflect-glucose-monitor/p/1712932
Health Monitors,Universal Infrared Thermometer FY-01,/en-ae/universal-oxygen-concentrator-jay-5bw-5l/p/1836776
Tablets,"Apple iPad 2021 (9th Generation) 10.2-inch, Wi-Fi, 64GB - Grey",/en-ae/apple-ipad-2021-9th-generation-10-2-inch-wi-fi-64gb/p/1880192
Action Camera,GoPro HERO11 Black Mini Action Camera CHDHF111,/en-ae/gopro-hero11-black-mini-action-camera-chdhf111/p/2055344
TV,"LG OLED evo TV 65 Inch C2 series, New 2022, Cinema Screen Design 4K Cinema HDR webOS22 with ThinQ AI Pixel Dimming - OLED65C26LA",/en-ae/nikai-uhd-smart-led-tv-uhd5010sled-50-inch/p/2028015
TV,"LG OLED evo TV 65 Inch C2 series, New 2022, Cinema Screen Design 4K Cinema HDR webOS22 with ThinQ AI Pixel Dimming - OLED65C26LA",/en-ae/tcl-55-inches-qled-4k-smart-google-tv-55c635/p/2016993
TV,"LG OLED evo TV 65 Inch C2 series, New 2022, Cinema Screen Design 4K Cinema HDR webOS22 with ThinQ AI Pixel Dimming - OLED65C26LA",/en-ae/tcl-50inch-4k-google-smart-led-tv-50p637/p/2021128
External Storages,Sandisk Extreme Solid State Drive SDSSDE60 2TB,/en-ae/western-digital-my-passport-1-tb-portable-hard-drive/p/1646168
External Storages,Sandisk Extreme Solid State Drive SDSSDE60 2TB,/en-ae/sandisk-ultra-flair-usb-3-0-512gb/p/1731772
External Storages,Sandisk Extreme Solid State Drive SDSSDE60 2TB,/en-ae/sandisk-128gb-ixpand-flash-drive-flip-usb-3-1/p/1857263
Printers & Scanners,HP Smart Tank 580 All-in-One Printer (1F3Y2A) Grey,/en-ae/hp-smart-tank-515-all-in-one-wireless-ink-tank-printer/p/1630954
Printers & Scanners,HP Smart Tank 580 All-in-One Printer (1F3Y2A) Grey,/en-ae/canon-inktank-printer-pixma-g6040/p/1628276
Printers & Scanners,HP Smart Tank 580 All-in-One Printer (1F3Y2A) Grey,/en-ae/hp-deskjet-ink-advantage-3790-wireless-all-in-one/p/1578768
Electric Toothbrush,Philips Sonicare Electric Toothbrush HX-3415,/en-ae/oral-b-rechargeable-toothbrush-star-wars-for-kids-/p/1899372
Electric Toothbrush,Philips Sonicare Electric Toothbrush HX-3415,/en-ae/oral-b-vitality-electric-toothbrush-d12-513-bundle-1-1/p/2034841
Electric Toothbrush,Philips Sonicare Electric Toothbrush HX-3415,/en-ae/philips-one-by-sonicare-battery-toothbrush-mango-yellow/p/1999727
Laptops,"Lenovo IdeaPad 3 Laptop – 11th Gen Core i5-1155G7, 8GB RAM, 512GB SSD,Windows11Home 15.6inch FHD, Grey English/Arabic Keyboard 82H8033NAX (2022) Middle East Version",/en-ae/lenovo-ideapad-3-gaming-notebook-82k100w0ax-intel/p/1906933
Laptops,"Lenovo IdeaPad 3 Laptop – 11th Gen Core i5-1155G7, 8GB RAM, 512GB SSD,Windows11Home 15.6inch FHD, Grey English/Arabic Keyboard 82H8033NAX (2022) Middle East Version",/en-ae/hp-laptop-15s-eq3001ne-windows-11-home-15-6-amd/p/2046383
Laptops,"Lenovo IdeaPad 3 Laptop – 11th Gen Core i5-1155G7, 8GB RAM, 512GB SSD,Windows11Home 15.6inch FHD, Grey English/Arabic Keyboard 82H8033NAX (2022) Middle East Version",/en-ae/hp-laptop-15s-eq2021ne-windows-11-home-15-6-amd/p/2094359
Entertainment & Software,"Sony Wallet Top-up Digital Gift Card, 83 USD",/en-ae/sony-esd-wallet-top-up-20-usd-digital-/p/1204492
Entertainment & Software,"Sony Wallet Top-up Digital Gift Card, 83 USD",/en-ae/sony-play-station-network-wallet-digital-top-up-card-/p/1204498
Entertainment & Software,"Sony Wallet Top-up Digital Gift Card, 83 USD",/en-ae/sony-esd-wallet-top-up-30-usd-digital-/p/1204494
Health Monitors,Universal Infrared Thermometer FY-01,/en-ae/universal-oxygen-concentrator-cp-101-10l/p/1836775
Health Monitors,Universal Infrared Thermometer FY-01,/en-ae/eufy-smart-scale-p2-weighing-range-upto-180-kg-black-/p/2010399
Health Monitors,Universal Infrared Thermometer FY-01,/en-ae/beurer-gs-280-bmi-glass-bathroom-scale/p/1708408
Tablets,"Apple iPad 2021 (9th Generation) 10.2-inch, Wi-Fi, 64GB - Grey",/en-ae/lenovo-tab-p11-plus-j616x-11-128gb-4gb-ram-4g-lte-grey/p/1924126
Tablets,"Apple iPad 2021 (9th Generation) 10.2-inch, Wi-Fi, 64GB - Grey",/en-ae/samsung-galaxy-tab-a8-x205-10-5-inch-64gb-lte-gray/p/1919261
Tablets,"Apple iPad 2021 (9th Generation) 10.2-inch, Wi-Fi, 64GB - Grey",/en-ae/samsung-galaxy-tab-a7-lite-t225-8-7inches-32gb-lte/p/1842898
Action Camera,GoPro HERO11 Black Mini Action Camera CHDHF111,/en-ae/gopro-hero10-action-camera-chdhx-101-black/p/1875872
Action Camera,GoPro HERO11 Black Mini Action Camera CHDHF111,/en-ae/thieye-4k-wifi-action-camera-i60-black/p/1240650
Action Camera,GoPro HERO11 Black Mini Action Camera CHDHF111,/en-ae/gopro-hero11-black-action-camera-chdhx-111/p/2030739
Action Camera,GoPro HERO11 Black Mini Action Camera CHDHF111,/en-ae/thieye-4k-wifi-action-camera-i60-silver/p/1240599
Action Camera,GoPro HERO11 Black Mini Action Camera CHDHF111,/en-ae/samsung-gear360-smart-camera-smr210-white/p/1289064
Action Camera,GoPro HERO11 Black Mini Action Camera CHDHF111,/en-ae/thieye-wifi-action-camera-i30-grey/p/1240598
Soundbars & Home Theatres,Samsung HW-B450/ZN 2.1ch Soundbar With Dolby Audio,/en-ae/samsung-hw-b450-zn-2-1ch-soundbar-with-dolby-audio/p/2009566
TV,"LG OLED evo TV 65 Inch C2 series, New 2022, Cinema Screen Design 4K Cinema HDR webOS22 with ThinQ AI Pixel Dimming - OLED65C26LA",/en-ae/blaupunkt-85-inches-4k-uhd-android-led-smart-tv-black-/p/2084081
TV,"LG OLED evo TV 65 Inch C2 series, New 2022, Cinema Screen Design 4K Cinema HDR webOS22 with ThinQ AI Pixel Dimming - OLED65C26LA",/en-ae/hisense-65-inches-4k-smart-uled-tv-black-65u8hq/p/2051185
TV,"LG OLED evo TV 65 Inch C2 series, New 2022, Cinema Screen Design 4K Cinema HDR webOS22 with ThinQ AI Pixel Dimming - OLED65C26LA",/en-ae/skyworth-65-inches-4k-uhd-smart-oled-tv-black-/p/2076712
External Storages,Sandisk Extreme Solid State Drive SDSSDE60 2TB,/en-ae/sandisk-dualdrive-ixpand-ix90n-64gb/p/1857262
External Storages,Sandisk Extreme Solid State Drive SDSSDE60 2TB,/en-ae/apple-4k-tv-3rd-generation-64-gb-storage-mn873ae/p/2050386
External Storages,Sandisk Extreme Solid State Drive SDSSDE60 2TB,/en-ae/ixpand-flash-drive-go-128gb/p/1637310
Printers & Scanners,HP Smart Tank 580 All-in-One Printer (1F3Y2A) Grey,/en-ae/canon-printer-g3415-pixma-black/p/1619998
Printers & Scanners,HP Smart Tank 580 All-in-One Printer (1F3Y2A) Grey,/en-ae/brother-multi-function-colour-laserjet-printer/p/1535818
Printers & Scanners,HP Smart Tank 580 All-in-One Printer (1F3Y2A) Grey,/en-ae/brother-3-in-1-laser-printer-dcp-l3510cd/p/1541034
Electric Toothbrush,Philips Sonicare Electric Toothbrush HX-3415,/en-ae/philips-sonicare-protectiveclean-sonic-electric/p/1625085
Electric Toothbrush,Philips Sonicare Electric Toothbrush HX-3415,/en-ae/philips-a3-premium-all-in-one-standard-sonic-toothbrush/p/1968842
Electric Toothbrush,Philips Sonicare Electric Toothbrush HX-3415,/en-ae/philips-premium-white-replacement-brush-head-2pcs/p/1384718
Laptops,"Lenovo IdeaPad 3 Laptop – 11th Gen Core i5-1155G7, 8GB RAM, 512GB SSD,Windows11Home 15.6inch FHD, Grey English/Arabic Keyboard 82H8033NAX (2022) Middle East Version",/en-ae/hp-laptop-windows-11-home-intel-core-i3-8gb-ram-/p/2039616
Laptops,"Lenovo IdeaPad 3 Laptop – 11th Gen Core i5-1155G7, 8GB RAM, 512GB SSD,Windows11Home 15.6inch FHD, Grey English/Arabic Keyboard 82H8033NAX (2022) Middle East Version",/en-ae/hp-laptop-windows-11-home-in-s-mode-15-6-amd-ryzen-/p/2046221
Laptops,"Lenovo IdeaPad 3 Laptop – 11th Gen Core i5-1155G7, 8GB RAM, 512GB SSD,Windows11Home 15.6inch FHD, Grey English/Arabic Keyboard 82H8033NAX (2022) Middle East Version",/en-ae/hp-laptop-14s-dq5025ne-windows-11-home-14-intel-/p/2009459
Entertainment & Software,"Sony Wallet Top-up Digital Gift Card, 83 USD",/en-ae/sony-play-station-network-wallet-digital-top-up-card-/p/1204516
Entertainment & Software,"Sony Wallet Top-up Digital Gift Card, 83 USD",/en-ae/sony-play-station-network-wallet-digital-top-up-card-/p/1204499
Entertainment & Software,"Sony Wallet Top-up Digital Gift Card, 83 USD",/en-ae/sony-wallet-top-up-digital-gift-card-21-usd/p/1983957
Health Monitors,Universal Infrared Thermometer FY-01,/en-ae/ikon-2in1-facial-nasal-steamer-ikfs518-pink/p/1826302
Health Monitors,Universal Infrared Thermometer FY-01,/en-ae/ikon-2in1-facial-nasal-steamer-ikfs518-blue/p/1826874
Health Monitors,Universal Infrared Thermometer FY-01,/en-ae/omron-blood-pressure-monitor-m1-basic/p/1821615
Tablets,"Apple iPad 2021 (9th Generation) 10.2-inch, Wi-Fi, 64GB - Grey",/en-ae/samsung-galaxy-tab-a7-lite-t225-8-7inches-32gb-lte-gray/p/1842897
Tablets,"Apple iPad 2021 (9th Generation) 10.2-inch, Wi-Fi, 64GB - Grey",/en-ae/ibrit-max-15-tablet-4g-wi-fi-4gb-64gb-rom-64gb-mc-/p/1898327
Tablets,"Apple iPad 2021 (9th Generation) 10.2-inch, Wi-Fi, 64GB - Grey",/en-ae/ibrit-max-15-tablet-4g-wi-fi-4gb-64gb-rom-64gb-mc-/p/1898325
Soundbars & Home Theatres,Samsung HW-B450/ZN 2.1ch Soundbar With Dolby Audio,/en-ae/philips-bluetooth-party-speaker-tax3206/p/1992262
Soundbars & Home Theatres,Samsung HW-B450/ZN 2.1ch Soundbar With Dolby Audio,/en-ae/samsung-3-1ch-soundbar-hw-b650-zn/p/2009584
Soundbars & Home Theatres,Samsung HW-B450/ZN 2.1ch Soundbar With Dolby Audio,/en-ae/samsung-2-1ch-soundbar-hw-b550-zn/p/2009589
Musical Instruments,Casio Keyboard CTS-100 Black,/en-ae/casio-keyboard-cts-100-black/p/1653565
External Storages,Sandisk Extreme Solid State Drive SDSSDE60 2TB,/en-ae/wd-4tb-my-passport-portable-external-hard-drive-red/p/1646226
External Storages,Sandisk Extreme Solid State Drive SDSSDE60 2TB,/en-ae/sandisk-flash-drive-cruzer-sdcz50-b35-128gb/p/1162896
External Storages,Sandisk Extreme Solid State Drive SDSSDE60 2TB,/en-ae/western-digital-my-passport-4tb-portable-hard-drive/p/1646224
Printers & Scanners,HP Smart Tank 580 All-in-One Printer (1F3Y2A) Grey,/en-ae/canon-pixma-g3410-all-in-one-ink-tank-printer/p/1414731
Printers & Scanners,HP Smart Tank 580 All-in-One Printer (1F3Y2A) Grey,/en-ae/canon-rp-108-high-capacity-color-ink-paper-set/p/1290160
Printers & Scanners,HP Smart Tank 580 All-in-One Printer (1F3Y2A) Grey,/en-ae/hp-ink-tank-415-all-in-one-wireless-printer-z4b53a-/p/1420086
Electric Toothbrush,Philips Sonicare Electric Toothbrush HX-3415,/en-ae/philips-sonicare-diamondclean-smart-sonic-electric/p/1370538
Electric Toothbrush,Philips Sonicare Electric Toothbrush HX-3415,/en-ae/philips-a3-premium-all-in-one-standard-sonic-toothbrush/p/1968845
Electric Toothbrush,Philips Sonicare Electric Toothbrush HX-3415,/en-ae/philips-sonicare-sonic-electric-toothbrush-hx3641-01/p/2020444
Laptops,"Lenovo IdeaPad 3 Laptop – 11th Gen Core i5-1155G7, 8GB RAM, 512GB SSD,Windows11Home 15.6inch FHD, Grey English/Arabic Keyboard 82H8033NAX (2022) Middle East Version",/en-ae/hp-victus-15-fb0038-gaming-laptop-amd-ryzen-5/p/2076546
Laptops,"Lenovo IdeaPad 3 Laptop – 11th Gen Core i5-1155G7, 8GB RAM, 512GB SSD,Windows11Home 15.6inch FHD, Grey English/Arabic Keyboard 82H8033NAX (2022) Middle East Version",/en-ae/victus-gaming-laptop-15-fa0060ne-windows-11-home-/p/2047591
Laptops,"Lenovo IdeaPad 3 Laptop – 11th Gen Core i5-1155G7, 8GB RAM, 512GB SSD,Windows11Home 15.6inch FHD, Grey English/Arabic Keyboard 82H8033NAX (2022) Middle East Version",/en-ae/asus-tuf-a15-gaming-laptop-15-6-inches-ryzen-7/p/2105968
Entertainment & Software,"Sony Wallet Top-up Digital Gift Card, 83 USD",/en-ae/sony-play-station-network-wallet-digital-top-up-card-/p/1204495
Entertainment & Software,"Sony Wallet Top-up Digital Gift Card, 83 USD",/en-ae/sony-wallet-top-up-digital-gift-card-34-usd/p/1983959
Entertainment & Software,"Sony Wallet Top-up Digital Gift Card, 83 USD",/en-ae/sony-play-station-network-wallet-digital-top-up-card-/p/1204496
Health Monitors,Universal Infrared Thermometer FY-01,/en-ae/onetouch-select-plus-strips-50-s/p/1216215
Health Monitors,Universal Infrared Thermometer FY-01,/en-ae/ikon-facial-steamer-ik-1006/p/1439644
Health Monitors,Universal Infrared Thermometer FY-01,/en-ae/onetouch-select-plus-flex-glucose-monitor-2-strip/p/1485622
Tablets,"Apple iPad 2021 (9th Generation) 10.2-inch, Wi-Fi, 64GB - Grey",/en-ae/apple-12-9-inch-ipad-pro-mhr53ab-a-m1-chip-wi-fi-/p/1826902
Tablets,"Apple iPad 2021 (9th Generation) 10.2-inch, Wi-Fi, 64GB - Grey",/en-ae/wacom-ctl-4100wlk-n-intuos-small-bluetooth-black/p/1621497
Tablets,"Apple iPad 2021 (9th Generation) 10.2-inch, Wi-Fi, 64GB - Grey",/en-ae/apple-ipad-pro-12-9-inch-wifi-128-gb-space-grey/p/2048731
Soundbars & Home Theatres,Samsung HW-B450/ZN 2.1ch Soundbar With Dolby Audio,/en-ae/sony-onebox-hifi-srsxp700-x-series-portable-wireless/p/1849633
Soundbars & Home Theatres,Samsung HW-B450/ZN 2.1ch Soundbar With Dolby Audio,/en-ae/lg-2-1ch-sound-bar-sn5-darellk/p/1959855
Soundbars & Home Theatres,Samsung HW-B450/ZN 2.1ch Soundbar With Dolby Audio,/en-ae/lg-2-1-channel-high-resolution-audio-sound-bar-sn5y/p/1734921
Musical Instruments,Casio Keyboard CTS-100 Black,/en-ae/yamaha-rainbow-recorder-460-yrs20b-assorted-per-pc/p/1181449
Musical Instruments,Casio Keyboard CTS-100 Black,/en-ae/casio-keyboard-ctk-240/p/682361
Musical Instruments,Casio Keyboard CTS-100 Black,/en-ae/yamaha-keyboard-psr-e373/p/1770648
Electric Toothbrush,Philips Sonicare Electric Toothbrush HX-3415,/en-ae/philips-sonicare-2100-series-sonic-electric-toothbrush-/p/2022383
Electric Toothbrush,Philips Sonicare Electric Toothbrush HX-3415,/en-ae/philips-sonicare-healthywhite-sonic-electric/p/1256112
Electric Toothbrush,Philips Sonicare Electric Toothbrush HX-3415,/en-ae/philips-one-by-sonicare-battery-toothbrush-midnight/p/1999730
Laptops,"Lenovo IdeaPad 3 Laptop – 11th Gen Core i5-1155G7, 8GB RAM, 512GB SSD,Windows11Home 15.6inch FHD, Grey English/Arabic Keyboard 82H8033NAX (2022) Middle East Version",/en-ae/asus-x515ea-bq3040w-slim-laptop-intel-core-i5-1135g7-/p/2015466
Laptops,"Lenovo IdeaPad 3 Laptop – 11th Gen Core i5-1155G7, 8GB RAM, 512GB SSD,Windows11Home 15.6inch FHD, Grey English/Arabic Keyboard 82H8033NAX (2022) Middle East Version",/en-ae/asus-laptop-15-6-inches-fhd-intel-core-i5-1135g7/p/2046252
Laptops,"Lenovo IdeaPad 3 Laptop – 11th Gen Core i5-1155G7, 8GB RAM, 512GB SSD,Windows11Home 15.6inch FHD, Grey English/Arabic Keyboard 82H8033NAX (2022) Middle East Version",/en-ae/asus-vivobook-go-15-laptop-windows-11-home-15-6/p/2115501
Entertainment & Software,"Sony Wallet Top-up Digital Gift Card, 83 USD",/en-ae/sony-play-station-network-wallet-digital-top-up-card-/p/1204497
Entertainment & Software,"Sony Wallet Top-up Digital Gift Card, 83 USD",/en-ae/microsoft-365-business-standard-digital-/p/1502469
Entertainment & Software,"Sony Wallet Top-up Digital Gift Card, 83 USD",/en-ae/microsoft-xbox-live-digital-gold-card-3-months/p/1204517
Health Monitors,Universal Infrared Thermometer FY-01,/en-ae/ikon-massage-gun-ik-wmgp-2/p/1824437
Health Monitors,Universal Infrared Thermometer FY-01,/en-ae/ikon-digitalbathroomscale-ikf281/p/1647493
Health Monitors,Universal Infrared Thermometer FY-01,/en-ae/onetouch-verio-test-trips-50-s/p/1167419
Tablets,"Apple iPad 2021 (9th Generation) 10.2-inch, Wi-Fi, 64GB - Grey",/en-ae/apple-ipad-air-2022-10-9-inchch-wi-fi-cellular-5g-/p/1942794
Tablets,"Apple iPad 2021 (9th Generation) 10.2-inch, Wi-Fi, 64GB - Grey",/en-ae/lenovo-tbx606x-fhd-tablet-wi-fi-64gb-4gbram-10-3inch/p/1711631
Tablets,"Apple iPad 2021 (9th Generation) 10.2-inch, Wi-Fi, 64GB - Grey",/en-ae/touchmate-tablet-mid1065-10-32gb-black/p/1709812
Soundbars & Home Theatres,Samsung HW-B450/ZN 2.1ch Soundbar With Dolby Audio,/en-ae/lg-snc4r-420w-4-1-channel-soundbar-with-bluetooth/p/1923666
Soundbars & Home Theatres,Samsung HW-B450/ZN 2.1ch Soundbar With Dolby Audio,/en-ae/sony-onebox-hifi-srs-xp500-x-series-portable-wireless/p/1849632
Soundbars & Home Theatres,Samsung HW-B450/ZN 2.1ch Soundbar With Dolby Audio,/en-ae/sony-400w-5-1ch-home-cinema-soundbar-system-ht-s20r/p/1717123
Musical Instruments,Casio Keyboard CTS-100 Black,/en-ae/yamaha-organ-stand-df029-pc/p/364891
Musical Instruments,Casio Keyboard CTS-100 Black,/en-ae/yamaha-portable-digital-keyboard-psr-e360ma/p/1646241
Musical Instruments,Casio Keyboard CTS-100 Black,/en-ae/yamaha-digital-keyboard-psr-e360b/p/1867420
Electric Toothbrush,Philips Sonicare Electric Toothbrush HX-3415,/en-ae/oral-b-rechargeable-toothbrush-frozen-for-kids-head/p/1899373
Electric Toothbrush,Philips Sonicare Electric Toothbrush HX-3415,/en-ae/oral-b-vitality-cross-action-rechargeable-electric/p/1746119
Electric Toothbrush,Philips Sonicare Electric Toothbrush HX-3415,/en-ae/philips-sonicare-premium-plaque-defense-replacement/p/1384717
Laptops,"Lenovo IdeaPad 3 Laptop – 11th Gen Core i5-1155G7, 8GB RAM, 512GB SSD,Windows11Home 15.6inch FHD, Grey English/Arabic Keyboard 82H8033NAX (2022) Middle East Version",/en-ae/asus-x515ma-ej862ws-slim-laptop-celeron-4gb-128gb/p/2015468
Laptops,"Lenovo IdeaPad 3 Laptop – 11th Gen Core i5-1155G7, 8GB RAM, 512GB SSD,Windows11Home 15.6inch FHD, Grey English/Arabic Keyboard 82H8033NAX (2022) Middle East Version",/en-ae/asus-vivobook-m1603qa-mb731w-amd-ryzen-7-16gb-ram-1tb/p/2116906
Laptops,"Lenovo IdeaPad 3 Laptop – 11th Gen Core i5-1155G7, 8GB RAM, 512GB SSD,Windows11Home 15.6inch FHD, Grey English/Arabic Keyboard 82H8033NAX (2022) Middle East Version",/en-ae/asus-laptop-15-6-inches-fhd-intel-core-i3-1115g4/p/2046253
Entertainment & Software,"Sony Wallet Top-up Digital Gift Card, 83 USD",/en-ae/microsoft-ea-sports-xbox-series-fifa-23-ultimate-team-/p/2038107
Entertainment & Software,"Sony Wallet Top-up Digital Gift Card, 83 USD",/en-ae/microsoft-xbox-game-pass-for-console-6-months/p/1517742
Entertainment & Software,"Sony Wallet Top-up Digital Gift Card, 83 USD",/en-ae/microsoft-office-home-and-business-2021-digital/p/1886733
Health Monitors,Universal Infrared Thermometer FY-01,/en-ae/ikon-whole-body-muscles-massage-gun-ik-wmg01/p/1817030
Health Monitors,Universal Infrared Thermometer FY-01,/en-ae/beurer-facial-sauna-inhaler-fs50/p/335339
Health Monitors,Universal Infrared Thermometer FY-01,/en-ae/onetouch-delica-plus-lancet-100s/p/1713095
Tablets,"Apple iPad 2021 (9th Generation) 10.2-inch, Wi-Fi, 64GB - Grey",/en-ae/wacom-ctl-6100wle-n-intuos-medium-bluetooth-pistachio/p/1621498
Tablets,"Apple iPad 2021 (9th Generation) 10.2-inch, Wi-Fi, 64GB - Grey",/en-ae/huawei-matepad-t8-tablet-blue-deepsea-blue-3-gb/p/1992988
Tablets,"Apple iPad 2021 (9th Generation) 10.2-inch, Wi-Fi, 64GB - Grey",/en-ae/huawei-matepad-t10-kids-edition-9-7-32gb-wifi-deep-sea/p/1886281
Soundbars & Home Theatres,Samsung HW-B450/ZN 2.1ch Soundbar With Dolby Audio,/en-ae/lg-3-1-2-ch-sound-bar-with-dolby-atmos-380-w-black-/p/2041156
Soundbars & Home Theatres,Samsung HW-B450/ZN 2.1ch Soundbar With Dolby Audio,/en-ae/lg-5-1-ch-sound-bar-with-dts-virtual-x-800-w-black-/p/2055207
Soundbars & Home Theatres,Samsung HW-B450/ZN 2.1ch Soundbar With Dolby Audio,/en-ae/jbl-cinema-sb170-2-1-channel-soundbar-with-wireless/p/1974721
Musical Instruments,Casio Keyboard CTS-100 Black,/en-ae/casio-keyboard-cts-200-black/p/1643843
Musical Instruments,Casio Keyboard CTS-100 Black,/en-ae/sakura-guitar-cog043805tg-38-inches/p/1310220
Musical Instruments,Casio Keyboard CTS-100 Black,/en-ae/ernie-ball-jacquard-strap-albuquerque-sunset-p05324/p/2022506
Electric Toothbrush,Philips Sonicare Electric Toothbrush HX-3415,/en-ae/jordan-whitening-replacement-brush-head-2pcs/p/1685391
Electric Toothbrush,Philips Sonicare Electric Toothbrush HX-3415,/en-ae/oral-b-vitality-io9-electric-toothbrush-black/p/1884923
Electric Toothbrush,Philips Sonicare Electric Toothbrush HX-3415,/en-ae/oral-b-toothbrush-kids-battery-stages-power-db4-510k/p/1002361
Laptops,"Lenovo IdeaPad 3 Laptop – 11th Gen Core i5-1155G7, 8GB RAM, 512GB SSD,Windows11Home 15.6inch FHD, Grey English/Arabic Keyboard 82H8033NAX (2022) Middle East Version",/en-ae/asus-vivobook-16-x1605pa-mb095w-laptop-11th-gen-core/p/2080316
Laptops,"Lenovo IdeaPad 3 Laptop – 11th Gen Core i5-1155G7, 8GB RAM, 512GB SSD,Windows11Home 15.6inch FHD, Grey English/Arabic Keyboard 82H8033NAX (2022) Middle East Version",/en-ae/asus-tuf-f15-gaming-laptop-15-6-inches-intel-core/p/2082918
Laptops,"Lenovo IdeaPad 3 Laptop – 11th Gen Core i5-1155G7, 8GB RAM, 512GB SSD,Windows11Home 15.6inch FHD, Grey English/Arabic Keyboard 82H8033NAX (2022) Middle East Version",/en-ae/asus-vivobook-flip-14-tp1400ka-bz056ws-touch-laptop-/p/1940877
Entertainment & Software,"Sony Wallet Top-up Digital Gift Card, 83 USD",/en-ae/microsoft-xbox-game-pass-for-console-3-months/p/1552711
Entertainment & Software,"Sony Wallet Top-up Digital Gift Card, 83 USD",/en-ae/microsoft-ea-sports-fifa-23-standard-edition-xbox/p/2038106
Entertainment & Software,"Sony Wallet Top-up Digital Gift Card, 83 USD",/en-ae/microsoft-ea-sports-xbox-series-fifa-23-ultimate-team-/p/2038108
Health Monitors,Universal Infrared Thermometer FY-01,/en-ae/omron-kids-nebuliser-ne-c801kd/p/870386
Health Monitors,Universal Infrared Thermometer FY-01,/en-ae/non-touch-infrared-thermometer-gp-300/p/1705768
Health Monitors,Universal Infrared Thermometer FY-01,/en-ae/beurer-bm-30-automatic-upper-arm-blood-pressure-monitor/p/1943824
Tablets,"Apple iPad 2021 (9th Generation) 10.2-inch, Wi-Fi, 64GB - Grey",/en-ae/brave-tab-vaso-10-in-32gb-gray-cover-headset/p/1873577
Tablets,"Apple iPad 2021 (9th Generation) 10.2-inch, Wi-Fi, 64GB - Grey",/en-ae/apple-10-9-inch-ipad-wifi-256-gb-blue/p/2048320
Tablets,"Apple iPad 2021 (9th Generation) 10.2-inch, Wi-Fi, 64GB - Grey",/en-ae/wacom-ctl-6100wlk-n-intuos-medium-bluetooth-black/p/1621499
Soundbars & Home Theatres,Samsung HW-B450/ZN 2.1ch Soundbar With Dolby Audio,/en-ae/lg-5-1-3-ch-sound-bar-with-dolby-atmos-620-w-black-/p/2041157
Soundbars & Home Theatres,Samsung HW-B450/ZN 2.1ch Soundbar With Dolby Audio,/en-ae/lg-soundbar-sqc1-160w/p/2066012
Soundbars & Home Theatres,Samsung HW-B450/ZN 2.1ch Soundbar With Dolby Audio,/en-ae/jbl-partybox-110-160w-portable-wireless-speaker/p/1868310
Musical Instruments,Casio Keyboard CTS-100 Black,/en-ae/ernie-ball-volt-power-supply-p06191/p/2022492
Musical Instruments,Casio Keyboard CTS-100 Black,/en-ae/fender-guitar-picks-981351702-assorted/p/1466052
Musical Instruments,Casio Keyboard CTS-100 Black,/en-ae/yamaha-half-size-classic-guitar-natural-cgs102a/p/578794
Electric Toothbrush,Philips Sonicare Electric Toothbrush HX-3415,/en-ae/philips-diamond-clean-standard-sonic-toothbrush/p/2020443
Electric Toothbrush,Philips Sonicare Electric Toothbrush HX-3415,/en-ae/oral-b-cross-action-brush-head-2-eb-50-2/p/1138139
Electric Toothbrush,Philips Sonicare Electric Toothbrush HX-3415,/en-ae/philips-sonicare-flexcare-sonic-electric-toothbrush/p/1449629
Laptops,"Lenovo IdeaPad 3 Laptop – 11th Gen Core i5-1155G7, 8GB RAM, 512GB SSD,Windows11Home 15.6inch FHD, Grey English/Arabic Keyboard 82H8033NAX (2022) Middle East Version",/en-ae/asus-vivobook-k513ea-bn3445w-core-i5-8gb-ram-512gb/p/1974656
Laptops,"Lenovo IdeaPad 3 Laptop – 11th Gen Core i5-1155G7, 8GB RAM, 512GB SSD,Windows11Home 15.6inch FHD, Grey English/Arabic Keyboard 82H8033NAX (2022) Middle East Version",/en-ae/asus-vivobook-15-laptop-15-6-inches-intel-core/p/2096425
Laptops,"Lenovo IdeaPad 3 Laptop – 11th Gen Core i5-1155G7, 8GB RAM, 512GB SSD,Windows11Home 15.6inch FHD, Grey English/Arabic Keyboard 82H8033NAX (2022) Middle East Version",/en-ae/apple-macbook-pro-14-mkgr3ab-a-apple-m1-pro-chip/p/1893418
Entertainment & Software,"Sony Wallet Top-up Digital Gift Card, 83 USD",/en-ae/microsoft-xbox-live-digital-gift-card-usd-15/p/1202934
Entertainment & Software,"Sony Wallet Top-up Digital Gift Card, 83 USD",/en-ae/microsoft-ea-sports-fifa-23-standard-edition-xbox-one/p/2038105
Entertainment & Software,"Sony Wallet Top-up Digital Gift Card, 83 USD",/en-ae/microsoft-xbox-live-digital-gold-card-12-months/p/1204505
Health Monitors,Universal Infrared Thermometer FY-01,/en-ae/trister-multi-check-glucose-test-strip-ts-391mcg-50/p/2108764
Health Monitors,Universal Infrared Thermometer FY-01,/en-ae/trister-multi-check-total-cholestrol-test-strip-ts/p/2108761
Health Monitors,Universal Infrared Thermometer FY-01,/en-ae/trister-multi-check-uric-acid-test-strip-ts-393mcu-25/p/2108758
Tablets,"Apple iPad 2021 (9th Generation) 10.2-inch, Wi-Fi, 64GB - Grey",/en-ae/touchmatetablet-mid1065-10-32gb-white/p/1679208
Tablets,"Apple iPad 2021 (9th Generation) 10.2-inch, Wi-Fi, 64GB - Grey",/en-ae/apple-ipad-air-5-2022-10-9-wifi-64gb-starlight/p/1942792
Tablets,"Apple iPad 2021 (9th Generation) 10.2-inch, Wi-Fi, 64GB - Grey",/en-ae/wacom-one-writing-pad-ctl-472-with-digital-pen/p/1714695
Soundbars & Home Theatres,Samsung HW-B450/ZN 2.1ch Soundbar With Dolby Audio,/en-ae/lg-9-1-5-ch-sound-bar-with-dolby-atmos-and-surround/p/2041158
Soundbars & Home Theatres,Samsung HW-B450/ZN 2.1ch Soundbar With Dolby Audio,/en-ae/jbl-bar1000-7-1-4-channel-soundbar-with-detachable/p/2038305
Soundbars & Home Theatres,Samsung HW-B450/ZN 2.1ch Soundbar With Dolby Audio,/en-ae/lg-5-1-2-ch-sound-bar-with-dolby-atmos-and-surround/p/2078158
Musical Instruments,Casio Keyboard CTS-100 Black,/en-ae/ikon-musical-keyboard-black-ik-cl8616l/p/1980601
Musical Instruments,Casio Keyboard CTS-100 Black,/en-ae/yamaha-electric-guitar-blue-pa012dbm/p/2020613
Musical Instruments,Casio Keyboard CTS-100 Black,/en-ae/ernie-ball-jacquard-strap-albuquerque-noon-p05323/p/2022502
Electric Toothbrush,Philips Sonicare Electric Toothbrush HX-3415,/en-ae/philips-one-by-sonicare-battery-toothbrush-miami-coral/p/1999726
Electric Toothbrush,Philips Sonicare Electric Toothbrush HX-3415,/en-ae/oral-b-rechargeable-artificial-intelligence-toothbrush/p/1712382
Electric Toothbrush,Philips Sonicare Electric Toothbrush HX-3415,/en-ae/oral-b-smart-6-6000n-rechargeable-toothbrush-with/p/1583069
Laptops,"Lenovo IdeaPad 3 Laptop – 11th Gen Core i5-1155G7, 8GB RAM, 512GB SSD,Windows11Home 15.6inch FHD, Grey English/Arabic Keyboard 82H8033NAX (2022) Middle East Version",/en-ae/acer-nitro-5-nhqfjem001-intel-core-i7-16gb-ram-512/p/2035246
Laptops,"Lenovo IdeaPad 3 Laptop – 11th Gen Core i5-1155G7, 8GB RAM, 512GB SSD,Windows11Home 15.6inch FHD, Grey English/Arabic Keyboard 82H8033NAX (2022) Middle East Version",/en-ae/apple-macbook-pro-m2-pro-chip-14-inches-16-gb-ram-1/p/2075217
Laptops,"Lenovo IdeaPad 3 Laptop – 11th Gen Core i5-1155G7, 8GB RAM, 512GB SSD,Windows11Home 15.6inch FHD, Grey English/Arabic Keyboard 82H8033NAX (2022) Middle East Version",/en-ae/acer-aspire-3-15-6-inches-full-hd-intel-core-i5-12th/p/2087565
Entertainment & Software,"Sony Wallet Top-up Digital Gift Card, 83 USD",/en-ae/microsoft-ea-sports-xbox-series-fifa-23-ultimate-team-/p/2038109
Entertainment & Software,"Sony Wallet Top-up Digital Gift Card, 83 USD",/en-ae/microsoft-xbox-live-digital-gift-card-usd-25/p/1204500
Entertainment & Software,"Sony Wallet Top-up Digital Gift Card, 83 USD",/en-ae/microsoft-office-home-and-student-2021-digital/p/1886732
Health Monitors,Universal Infrared Thermometer FY-01,/en-ae/beurer-thermometer-ft09/p/5836
Health Monitors,Universal Infrared Thermometer FY-01,/en-ae/braun-forehead-thermometer-ntf3000/p/1035763
Health Monitors,Universal Infrared Thermometer FY-01,/en-ae/trister-3-in-1-multi-chek-monitoring-system-ts-391mc/p/2108756
Tablets,"Apple iPad 2021 (9th Generation) 10.2-inch, Wi-Fi, 64GB - Grey",/en-ae/lenovo-tab-x306f-tablet-wifi-32gb-2gb-10-1inch-iron/p/1983623
Tablets,"Apple iPad 2021 (9th Generation) 10.2-inch, Wi-Fi, 64GB - Grey",/en-ae/apple-ipad-pro-12-9-inch-wi-fi-256gb-space-gray/p/1696930
Tablets,"Apple iPad 2021 (9th Generation) 10.2-inch, Wi-Fi, 64GB - Grey",/en-ae/samsung-galaxy-tab-s6-lite-sm-p615n-10-4-64gb-lte/p/1705201
Soundbars & Home Theatres,Samsung HW-B450/ZN 2.1ch Soundbar With Dolby Audio,/en-ae/sony-xv800-x-series-one-box-hifi-wireless-party/p/2113611
Soundbars & Home Theatres,Samsung HW-B450/ZN 2.1ch Soundbar With Dolby Audio,/en-ae/sony-7-1-2ch-sound-bar-hta7000/p/1889500
Soundbars & Home Theatres,Samsung HW-B450/ZN 2.1ch Soundbar With Dolby Audio,/en-ae/sony-5-1ch-home-cinema-soundbar-system-ht-s700rf/p/1496153
Musical Instruments,Casio Keyboard CTS-100 Black,/en-ae/ikon-fm-wireless-microphone-ik-muf8/p/1722240
Musical Instruments,Casio Keyboard CTS-100 Black,/en-ae/yamaha-digitalpiano-p125-black/p/1535248
Musical Instruments,Casio Keyboard CTS-100 Black,/en-ae/fender-3-4-scale-steel-acoustic-guitar-moonlight/p/2026839
Electric Toothbrush,Philips Sonicare Electric Toothbrush HX-3415,/en-ae/philips-one-by-sonicare-brush-head-mint-light-blue/p/1999764
Electric Toothbrush,Philips Sonicare Electric Toothbrush HX-3415,/en-ae/philips-sonicare-s-sensitive-standard-sonic-toothbrush/p/956091
Electric Toothbrush,Philips Sonicare Electric Toothbrush HX-3415,/en-ae/oral-b-io-gentle-care-refill-toothbrush-head-2-nos-/p/2080322
Laptops,"Lenovo IdeaPad 3 Laptop – 11th Gen Core i5-1155G7, 8GB RAM, 512GB SSD,Windows11Home 15.6inch FHD, Grey English/Arabic Keyboard 82H8033NAX (2022) Middle East Version",/en-ae/apple-macbook-air-m2-chip-15-inches-8-gb-ram-512-gb/p/2123664
Laptops,"Lenovo IdeaPad 3 Laptop – 11th Gen Core i5-1155G7, 8GB RAM, 512GB SSD,Windows11Home 15.6inch FHD, Grey English/Arabic Keyboard 82H8033NAX (2022) Middle East Version",/en-ae/dell-inspiron-15-3520-0122-laptop-12th-gen-core/p/2075000
Laptops,"Lenovo IdeaPad 3 Laptop – 11th Gen Core i5-1155G7, 8GB RAM, 512GB SSD,Windows11Home 15.6inch FHD, Grey English/Arabic Keyboard 82H8033NAX (2022) Middle East Version",/en-ae/dell-inspiron-14-7400-laptop-7400-ins-0105-slv-core/p/1821051
Entertainment & Software,"Sony Wallet Top-up Digital Gift Card, 83 USD",/en-ae/microsoft-365-personal-digital-/p/1204595
Entertainment & Software,"Sony Wallet Top-up Digital Gift Card, 83 USD",/en-ae/microsoft-365-family-digital-/p/1202935
Entertainment & Software,"Sony Wallet Top-up Digital Gift Card, 83 USD",/en-ae/microsoft-xbox-live-digital-gift-card-usd-50/p/1204503
Health Monitors,Universal Infrared Thermometer FY-01,/en-ae/beurer-bm28-bp-monitor-with-adaptor-gl50-glucomonitor/p/2077185
Health Monitors,Universal Infrared Thermometer FY-01,/en-ae/omron-compressor-nebulizer-ne-c803/p/1069298
Health Monitors,Universal Infrared Thermometer FY-01,/en-ae/beurer-upper-arm-blood-pressure-monitor-bm-40/p/858188
Tablets,"Apple iPad 2021 (9th Generation) 10.2-inch, Wi-Fi, 64GB - Grey",/en-ae/apple-ipad-mini-2021-6th-generation-8-3-inch-wi-fi-/p/1880216
Tablets,"Apple iPad 2021 (9th Generation) 10.2-inch, Wi-Fi, 64GB - Grey",/en-ae/touchmate-tm-mid880-transformers-8-4g-calling-/p/2009865
Tablets,"Apple iPad 2021 (9th Generation) 10.2-inch, Wi-Fi, 64GB - Grey",/en-ae/apple-ipad-pro-11-inch-wi-fi-cellular-128-gb-/p/2049550
Soundbars & Home Theatres,Samsung HW-B450/ZN 2.1ch Soundbar With Dolby Audio,/en-ae/lg-xboom-on7-500w-one-body-speaker-with-super-bass/p/1815570
Soundbars & Home Theatres,Samsung HW-B450/ZN 2.1ch Soundbar With Dolby Audio,/en-ae/jbl-bar500-5-1-channel-soundbar-with-multibeam-and/p/2038164
Soundbars & Home Theatres,Samsung HW-B450/ZN 2.1ch Soundbar With Dolby Audio,/en-ae/jbl-partybox-310/p/1762236
Musical Instruments,Casio Keyboard CTS-100 Black,/en-ae/yamaha-electric-acoustic-classical-guitar-cx40/p/578796
Musical Instruments,Casio Keyboard CTS-100 Black,/en-ae/boya-condenser-microphone-by-pm700sp/p/1752404
Musical Instruments,Casio Keyboard CTS-100 Black,/en-ae/yamaha-digital-keyboard-ydp-103r/p/1444872
Electric Toothbrush,Philips Sonicare Electric Toothbrush HX-3415,/en-ae/oral-b-rechargeable-tooth-brush-iom6-1a6-1k/p/2079961
Electric Toothbrush,Philips Sonicare Electric Toothbrush HX-3415,/en-ae/philips-sonic-electric-toothbrush-sonicare/p/1782609
Electric Toothbrush,Philips Sonicare Electric Toothbrush HX-3415,/en-ae/philips-sonicare-proresults-standard-sonic-toothbrush/p/1160036
Laptops,"Lenovo IdeaPad 3 Laptop – 11th Gen Core i5-1155G7, 8GB RAM, 512GB SSD,Windows11Home 15.6inch FHD, Grey English/Arabic Keyboard 82H8033NAX (2022) Middle East Version",/en-ae/hp-laptop-15-6-fhd-15s-fq2004ne-302d2ea-intel-core-/p/1799859
Laptops,"Lenovo IdeaPad 3 Laptop – 11th Gen Core i5-1155G7, 8GB RAM, 512GB SSD,Windows11Home 15.6inch FHD, Grey English/Arabic Keyboard 82H8033NAX (2022) Middle East Version",/en-ae/apple-macbook-pro-m2-pro-chip-16-inches-16-gb-ram-/p/2075193
Laptops,"Lenovo IdeaPad 3 Laptop – 11th Gen Core i5-1155G7, 8GB RAM, 512GB SSD,Windows11Home 15.6inch FHD, Grey English/Arabic Keyboard 82H8033NAX (2022) Middle East Version",/en-ae/acer-predator-helios-300-ph315-55-73q1-gaming-notebook-/p/2052577
Entertainment & Software,"Sony Wallet Top-up Digital Gift Card, 83 USD",/en-ae/mcafee-internet-security-1-user-3-devices-1-year/p/1577437
Entertainment & Software,"Sony Wallet Top-up Digital Gift Card, 83 USD",/en-ae/mcafee-total-protection-5-devices-1-user-1-year/p/1577439
Entertainment & Software,"Sony Wallet Top-up Digital Gift Card, 83 USD",/en-ae/mcafee-mobile-security-for-android-1-phone-tablet-1/p/1825501
Health Monitors,Universal Infrared Thermometer FY-01,/en-ae/citizen-stick-digital-thermometer-white-cta303/p/1273023
Health Monitors,Universal Infrared Thermometer FY-01,/en-ae/omron-blood-pressure-monitor-m3-omron-thermometer-/p/919718
Health Monitors,Universal Infrared Thermometer FY-01,/en-ae/ihealth-blood-pressure-monitor-kn550bt-activity/p/1360057
Tablets,"Apple iPad 2021 (9th Generation) 10.2-inch, Wi-Fi, 64GB - Grey",/en-ae/lenovo-tab-m10-tb-x306f-tablet-wifi-32gb-3gb-10-1inch/p/2079507
Tablets,"Apple iPad 2021 (9th Generation) 10.2-inch, Wi-Fi, 64GB - Grey",/en-ae/apple-10-9-inch-ipad-wi-fi-cellular-256-gb-yellow/p/2048709
Tablets,"Apple iPad 2021 (9th Generation) 10.2-inch, Wi-Fi, 64GB - Grey",/en-ae/touchmate-tab-10-1-quad-core-tablet-4g-wi-fi-3gb-/p/1936032
Soundbars & Home Theatres,Samsung HW-B450/ZN 2.1ch Soundbar With Dolby Audio,/en-ae/lg-one-box-hifi-xboom-on9-1000w/p/1815571
Soundbars & Home Theatres,Samsung HW-B450/ZN 2.1ch Soundbar With Dolby Audio,/en-ae/sony-high-power-audio-system-mhc-v02/p/1589596
Soundbars & Home Theatres,Samsung HW-B450/ZN 2.1ch Soundbar With Dolby Audio,/en-ae/sony-one-box-hifi-mhc-v13/p/1734518
Musical Instruments,Casio Keyboard CTS-100 Black,/en-ae/fender-proffessional-series-glow-instrument-cable-/p/2026891
Musical Instruments,Casio Keyboard CTS-100 Black,/en-ae/yamaha-live-streaming-mixer-ag03mk2b/p/2020764
Musical Instruments,Casio Keyboard CTS-100 Black,/en-ae/casio-keyboard-cts-200-red/p/1643844
Laptops,"Lenovo IdeaPad 3 Laptop – 11th Gen Core i5-1155G7, 8GB RAM, 512GB SSD,Windows11Home 15.6inch FHD, Grey English/Arabic Keyboard 82H8033NAX (2022) Middle East Version",/en-ae/apple-macbook-air-2020-model-13-inch-intel-quad-/p/1697886
Laptops,"Lenovo IdeaPad 3 Laptop – 11th Gen Core i5-1155G7, 8GB RAM, 512GB SSD,Windows11Home 15.6inch FHD, Grey English/Arabic Keyboard 82H8033NAX (2022) Middle East Version",/en-ae/dell-vostro-laptop-vos15-3515-6262-gr-amd-ryzen-3-8gb/p/1915883
Laptops,"Lenovo IdeaPad 3 Laptop – 11th Gen Core i5-1155G7, 8GB RAM, 512GB SSD,Windows11Home 15.6inch FHD, Grey English/Arabic Keyboard 82H8033NAX (2022) Middle East Version",/en-ae/dell-inspiron-15-3511-ins-1018-blk-laptopintel-core/p/1932666
Entertainment & Software,"Sony Wallet Top-up Digital Gift Card, 83 USD",/en-ae/mcafee-internet-security-1-user-10-devices-1-year/p/1577438
Entertainment & Software,"Sony Wallet Top-up Digital Gift Card, 83 USD",/en-ae/mcafee-antivirus-1-user-1-pc-1-year-subscription/p/1577434
Entertainment & Software,"Sony Wallet Top-up Digital Gift Card, 83 USD",/en-ae/mcafee-total-protection-5-devices-3-year-subscription/p/1825504
Health Monitors,Universal Infrared Thermometer FY-01,/en-ae/trister-smart-4-mode-forehead-ear-infrared/p/1898461
Health Monitors,Universal Infrared Thermometer FY-01,/en-ae/trister-digital-blood-pressure-monitor-ts-305bm-/p/1899360
Health Monitors,Universal Infrared Thermometer FY-01,/en-ae/citizen-blood-pressure-monitor-ch-453/p/724286
Tablets,"Apple iPad 2021 (9th Generation) 10.2-inch, Wi-Fi, 64GB - Grey",/en-ae/apple-10-9-inch-ipad-wi-fi-cellular-64-gb-blue/p/2048704
Tablets,"Apple iPad 2021 (9th Generation) 10.2-inch, Wi-Fi, 64GB - Grey",/en-ae/brave-tab-vaso-8-inches-32gb-wifi-blue-cover-/p/1875085
Tablets,"Apple iPad 2021 (9th Generation) 10.2-inch, Wi-Fi, 64GB - Grey",/en-ae/apple-ipad-pro-12-9-inch-wi-fi-256gb-silver-4th/p/1697051
Soundbars & Home Theatres,Samsung HW-B450/ZN 2.1ch Soundbar With Dolby Audio,/en-ae/sony-100w-x-series-bluetooth-wireless-party-speaker-/p/2049399
Soundbars & Home Theatres,Samsung HW-B450/ZN 2.1ch Soundbar With Dolby Audio,/en-ae/sony-one-box-hifi-mhc-v43d-400-watts-speciality-speaker/p/1734668
Soundbars & Home Theatres,Samsung HW-B450/ZN 2.1ch Soundbar With Dolby Audio,/en-ae/sony-home-cinema-bluetooth-soundbar-5-1-channel/p/1496149
Musical Instruments,Casio Keyboard CTS-100 Black,/en-ae/rode-wireless-go-ii-single-channel-wireless-microphone/p/2022467
Musical Instruments,Casio Keyboard CTS-100 Black,/en-ae/fender-guitar-electric-stand-black-0991819000/p/2027342
Musical Instruments,Casio Keyboard CTS-100 Black,/en-ae/yamaha-piaggero-digital-keyboard-np-12-black/p/1218574
Entertainment & Software,"Sony Wallet Top-up Digital Gift Card, 83 USD",/en-ae/mcafee-total-protection-1-device-1-user-1-year/p/1825502
Entertainment & Software,"Sony Wallet Top-up Digital Gift Card, 83 USD",/en-ae/netflix-top-up-gift-card-aed-500/p/1625025
Entertainment & Software,"Sony Wallet Top-up Digital Gift Card, 83 USD",/en-ae/netflix-top-up-gift-card-aed-100/p/1625024
Health Monitors,Universal Infrared Thermometer FY-01,/en-ae/porodo-digital-finger-pulse-oximeter/p/1719281
Health Monitors,Universal Infrared Thermometer FY-01,/en-ae/ikon-mist-sprayer-ik-fs08/p/1710727
Health Monitors,Universal Infrared Thermometer FY-01,/en-ae/porodo-pulse-oximeter-mix-pulse/p/1740360
Tablets,"Apple iPad 2021 (9th Generation) 10.2-inch, Wi-Fi, 64GB - Grey",/en-ae/huawei-matepad-t10-9-7-inch-2gb-ram-16gb-wi-fi-deepsea/p/1748737
Tablets,"Apple iPad 2021 (9th Generation) 10.2-inch, Wi-Fi, 64GB - Grey",/en-ae/apple-ipad-pro-12-9-inch-wifi-1-tb-silver/p/2048748
Tablets,"Apple iPad 2021 (9th Generation) 10.2-inch, Wi-Fi, 64GB - Grey",/en-ae/apple-ipad-air-2022-10-9-inchch-wi-fi-cellular-5g-/p/1942798
Soundbars & Home Theatres,Samsung HW-B450/ZN 2.1ch Soundbar With Dolby Audio,/en-ae/sony-2-1ch-soundbar-ht-s400-330w/p/1976944
Soundbars & Home Theatres,Samsung HW-B450/ZN 2.1ch Soundbar With Dolby Audio,/en-ae/jbl-300-w-bar-2-1-deep-bass-mk2-channel-soundbar-with/p/2052041
Soundbars & Home Theatres,Samsung HW-B450/ZN 2.1ch Soundbar With Dolby Audio,/en-ae/sony-5-1ch-home-cinema-with-wireless-rear-speakers/p/1845585
Musical Instruments,Casio Keyboard CTS-100 Black,/en-ae/iends-karaoke-mic-with-speaker-ko10/p/1713679
Musical Instruments,Casio Keyboard CTS-100 Black,/en-ae/ernie-ball-10-inch-braided-straight-angle-instrument/p/2022466
Musical Instruments,Casio Keyboard CTS-100 Black,/en-ae/yamaha-digital-keyboard-pss-a50/p/1646243
Tablets,"Apple iPad 2021 (9th Generation) 10.2-inch, Wi-Fi, 64GB - Grey",/en-ae/touchmate-tablet-tm-mid1065-2gb-32gb-black/p/1871162
Tablets,"Apple iPad 2021 (9th Generation) 10.2-inch, Wi-Fi, 64GB - Grey",/en-ae/apple-10-9-inch-ipad-wi-fi-cellular-64-gb-yellow/p/2048705
Tablets,"Apple iPad 2021 (9th Generation) 10.2-inch, Wi-Fi, 64GB - Grey",/en-ae/brave-tab-vaso-10-inches-64gb-gray-keyboard-headset/p/1873578
Soundbars & Home Theatres,Samsung HW-B450/ZN 2.1ch Soundbar With Dolby Audio,/en-ae/hisense-2-1ch-sound-bar-hs-214-60w/p/1992602
Soundbars & Home Theatres,Samsung HW-B450/ZN 2.1ch Soundbar With Dolby Audio,/en-ae/ikon-5-1channel-home-theatre-system-ik-w589/p/1616865
Soundbars & Home Theatres,Samsung HW-B450/ZN 2.1ch Soundbar With Dolby Audio,/en-ae/sony-3-1-channel-soundbar-hta3000-subwoofer-sasw3-/p/2093315
Musical Instruments,Casio Keyboard CTS-100 Black,/en-ae/flight-steel-string-acoustic-guitar-3-4-black-/p/2022339
Musical Instruments,Casio Keyboard CTS-100 Black,/en-ae/ernie-ball-earthwood-custom-light-80-20-bronze-acoustic/p/2022410
Musical Instruments,Casio Keyboard CTS-100 Black,/en-ae/ernie-ball-jacquard-strap-midnight-paisley-p04696/p/2022527
Soundbars & Home Theatres,Samsung HW-B450/ZN 2.1ch Soundbar With Dolby Audio,/en-ae/yamaha-sound-bar-yas-209-black/p/1685379
Soundbars & Home Theatres,Samsung HW-B450/ZN 2.1ch Soundbar With Dolby Audio,/en-ae/ikon-2-1-multimedia-speaker-ik-361/p/1616862
Soundbars & Home Theatres,Samsung HW-B450/ZN 2.1ch Soundbar With Dolby Audio,/en-ae/jbl-one-box-hifi-party-box-1000/p/1660470
Musical Instruments,Casio Keyboard CTS-100 Black,/en-ae/fender-electric-guitar-strings-0730155403/p/2025754
Musical Instruments,Casio Keyboard CTS-100 Black,/en-ae/yamaha-electric-guitar-black-pa012blk/p/2020612
Musical Instruments,Casio Keyboard CTS-100 Black,/en-ae/boya-digital-handheld-microphone-by-hm2/p/1752398
Musical Instruments,Casio Keyboard CTS-100 Black,/en-ae/casio-keyboard-cts-300-61-keys/p/1664510
Musical Instruments,Casio Keyboard CTS-100 Black,/en-ae/yamaha-piaggero-digital-keyboard-np-12-white/p/1218575
Musical Instruments,Casio Keyboard CTS-100 Black,/en-ae/yamaha-digital-piano-p125-white/p/1730419
Wired Headphones,Sony Earphone MDREX15AP,/en-ae/sony-earphone-mdrex15ap/p/959837
Wired Headphones,Sony Earphone MDREX15AP,/en-ae/sony-headphone-mdrzx110ap/p/1001497
Wired Headphones,Sony Earphone MDREX15AP,/en-ae/jbl-quantum200blk-wired-over-ear-headphones-black/p/1819687
Wired Headphones,Sony Earphone MDREX15AP,/en-ae/jbl-in-ear-headphones-t110-white/p/1232450
Wired Headphones,Sony Earphone MDREX15AP,/en-ae/jbl-in-ear-headphones-t110-blue/p/1232451
Wired Headphones,Sony Earphone MDREX15AP,/en-ae/jbl-in-ear-headphones-t110-black/p/1232449
Wired Headphones,Sony Earphone MDREX15AP,/en-ae/sony-extra-bass-wired-on-ear-headphone-mdr-xb450ap-blue/p/1901136
Wired Headphones,Sony Earphone MDREX15AP,/en-ae/sony-in-ear-headphone-mdr-ex155ap-black/p/1371610
Wired Headphones,Sony Earphone MDREX15AP,/en-ae/jbl-quantum100wht-wired-over-ear-headphones-white/p/1867052
Wired Headphones,Sony Earphone MDREX15AP,/en-ae/jbl-wired-headphone-jblt500-blue/p/1854520
Wired Headphones,Sony Earphone MDREX15AP,/en-ae/panasonic-bone-conduction-headphone-rp-hgs10e-assorted/p/1062681
Bluetooth Speakers,VOZ Pro Audio Bluetooth Speaker VBT5 Buit in Power Bank 5200Mah,/en-ae/voz-pro-audio-bluetooth-speaker-vbt5-buit-in-power-bank/p/1802676
Wired Headphones,Sony Earphone MDREX15AP,/en-ae/jbl-wired-on-ear-headphones-tune500-jblt500-black/p/1851304
Wired Headphones,Sony Earphone MDREX15AP,/en-ae/rode-professional-closed-back-over-ear-headphones-/p/2022496
Wired Headphones,Sony Earphone MDREX15AP,/en-ae/jbl-wired-on-ear-headphones-tune500-jblt500-pink/p/1851305
Wired Headphones,Sony Earphone MDREX15AP,/en-ae/sony-in-ear-headphone-mdr-ex155ap-white/p/1371612
Bluetooth Speakers,VOZ Pro Audio Bluetooth Speaker VBT5 Buit in Power Bank 5200Mah,/en-ae/altec-lansing-imw376-solo-portable-bluetooth-wireless/p/1920217
Bluetooth Speakers,VOZ Pro Audio Bluetooth Speaker VBT5 Buit in Power Bank 5200Mah,/en-ae/altec-lansing-orbit-go-bluetooth-speaker-imw356-black/p/1849545
Bluetooth Speakers,VOZ Pro Audio Bluetooth Speaker VBT5 Buit in Power Bank 5200Mah,/en-ae/altec-lansing-imw376-solo-portable-bluetooth-wireless/p/1920216
Wired Headphones,Sony Earphone MDREX15AP,/en-ae/jbl-wired-kids-headphone-jr310-red/p/1771537
Wired Headphones,Sony Earphone MDREX15AP,/en-ae/jbl-quantum100-wired-over-ear-headphones-black/p/1819685
Wired Headphones,Sony Earphone MDREX15AP,/en-ae/jbl-wired-on-ear-headphones-tune500-jblt500-white/p/1851306
Wired Headphones,Sony Earphone MDREX15AP,/en-ae/jbl-in-ear-headphone-with-one-button-remote-t110-red/p/1587075
Wired Headphones,Sony Earphone MDREX15AP,/en-ae/sony-ear-phone-mdr-e9-assorted-colors-per-piece-/p/815744
Bluetooth Speakers,VOZ Pro Audio Bluetooth Speaker VBT5 Buit in Power Bank 5200Mah,/en-ae/altec-lansing-orbit-go-bluetooth-speaker-imw356-red/p/1920215
Bluetooth Speakers,VOZ Pro Audio Bluetooth Speaker VBT5 Buit in Power Bank 5200Mah,/en-ae/altec-lansing-mini-h20-bt-speaker-w258n-mint/p/1920129
Bluetooth Speakers,VOZ Pro Audio Bluetooth Speaker VBT5 Buit in Power Bank 5200Mah,/en-ae/altec-lansing-mini-h20-bt-speaker-w258n-aqua/p/1920128
Bluetooth Speakers,VOZ Pro Audio Bluetooth Speaker VBT5 Buit in Power Bank 5200Mah,/en-ae/altec-lansing-mini-h20-bluetooth-speaker-red/p/1920130
Bluetooth Speakers,VOZ Pro Audio Bluetooth Speaker VBT5 Buit in Power Bank 5200Mah,/en-ae/altec-lansing-mini-h20-bluetooth-speaker-w258n-black/p/1920127
Bluetooth Speakers,VOZ Pro Audio Bluetooth Speaker VBT5 Buit in Power Bank 5200Mah,/en-ae/altec-lansing-baby-boom-bluetooth-speaker-imw269n-black/p/1849543
Bluetooth Speakers,VOZ Pro Audio Bluetooth Speaker VBT5 Buit in Power Bank 5200Mah,/en-ae/altec-lansing-baby-boom-bluetooth-speaker-w269n-blue/p/1920131
Bluetooth Speakers,VOZ Pro Audio Bluetooth Speaker VBT5 Buit in Power Bank 5200Mah,/en-ae/altec-lansing-jacket-h20-bluetooth-speaker-imw457/p/1849549
Bluetooth Speakers,VOZ Pro Audio Bluetooth Speaker VBT5 Buit in Power Bank 5200Mah,/en-ae/altec-lansing-mini-lifejacket-2-bluetooth-speaker/p/1849547
Bluetooth Speakers,VOZ Pro Audio Bluetooth Speaker VBT5 Buit in Power Bank 5200Mah,/en-ae/voz-edge-rock-box-portable-bluetooth-speaker-with-fm/p/1802675
Bluetooth Speakers,VOZ Pro Audio Bluetooth Speaker VBT5 Buit in Power Bank 5200Mah,/en-ae/trands-wireless-mini-sub-woofer-speaker-sp900-black/p/1849092
Bluetooth Speakers,VOZ Pro Audio Bluetooth Speaker VBT5 Buit in Power Bank 5200Mah,/en-ae/trands-led-wireless-speaker-sp904-assorted-color/p/2065149
Bluetooth Speakers,VOZ Pro Audio Bluetooth Speaker VBT5 Buit in Power Bank 5200Mah,/en-ae/lg-xboom-go-portable-bluetooth-speaker-with-stage/p/2056819
Bluetooth Speakers,VOZ Pro Audio Bluetooth Speaker VBT5 Buit in Power Bank 5200Mah,/en-ae/trands-sling-wireless-speaker-sp905/p/2065150
Bluetooth Speakers,VOZ Pro Audio Bluetooth Speaker VBT5 Buit in Power Bank 5200Mah,/en-ae/lg-xboom-go-portable-bluetooth-speaker-with-up-to-18-hr/p/2056817
Bluetooth Speakers,VOZ Pro Audio Bluetooth Speaker VBT5 Buit in Power Bank 5200Mah,/en-ae/marshall-acton-ii-black-bluetooth-speaker/p/1665820
Bluetooth Speakers,VOZ Pro Audio Bluetooth Speaker VBT5 Buit in Power Bank 5200Mah,/en-ae/marshall-acton-ii-white-bluetooth-speaker/p/1665817
Bluetooth Speakers,VOZ Pro Audio Bluetooth Speaker VBT5 Buit in Power Bank 5200Mah,/en-ae/marshall-woburn-ii-130w-bluetooth-wireless-speaker/p/1665856
Bluetooth Speakers,VOZ Pro Audio Bluetooth Speaker VBT5 Buit in Power Bank 5200Mah,/en-ae/marshall-acton-ii-brown-bluetooth-speaker/p/1665819
Bluetooth Speakers,VOZ Pro Audio Bluetooth Speaker VBT5 Buit in Power Bank 5200Mah,/en-ae/marshall-emberton-compact-portable-speaker-cream/p/1893425
Bluetooth Speakers,VOZ Pro Audio Bluetooth Speaker VBT5 Buit in Power Bank 5200Mah,/en-ae/marshall-emberton-compact-portable-speaker-forest-/p/1893426
Bluetooth Speakers,VOZ Pro Audio Bluetooth Speaker VBT5 Buit in Power Bank 5200Mah,/en-ae/marshall-emberton-compact-portable-speaker-black/p/1893423
Bluetooth Speakers,VOZ Pro Audio Bluetooth Speaker VBT5 Buit in Power Bank 5200Mah,/en-ae/marshall-kilburn-ii-portable-bluetooth-speaker-black/p/2061122
Bluetooth Speakers,VOZ Pro Audio Bluetooth Speaker VBT5 Buit in Power Bank 5200Mah,/en-ae/marshall-emberton-compact-portable-speaker-black-and/p/1893424
Bluetooth Speakers,VOZ Pro Audio Bluetooth Speaker VBT5 Buit in Power Bank 5200Mah,/en-ae/marshall-stanmore-ii-black-bluetooth-speaker/p/1665863
Bluetooth Speakers,VOZ Pro Audio Bluetooth Speaker VBT5 Buit in Power Bank 5200Mah,/en-ae/marshall-stanmore-ii-white-bluetooth-speaker/p/1665862
Bluetooth Speakers,VOZ Pro Audio Bluetooth Speaker VBT5 Buit in Power Bank 5200Mah,/en-ae/lg-xboom-go-portable-bluetooth-speaker-with-up-to-24-hr/p/2056818
Bluetooth Speakers,VOZ Pro Audio Bluetooth Speaker VBT5 Buit in Power Bank 5200Mah,/en-ae/sony-additional-wireless-surround-speakers-100-w-/p/2098758
Bluetooth Speakers,VOZ Pro Audio Bluetooth Speaker VBT5 Buit in Power Bank 5200Mah,/en-ae/jbl-portable-bluetooth-speakers-jbl-go-3-black/p/1760808
Bluetooth Speakers,VOZ Pro Audio Bluetooth Speaker VBT5 Buit in Power Bank 5200Mah,/en-ae/jbl-portable-bluetooth-speakers-jbl-go-3-blue/p/1760809
Bluetooth Speakers,VOZ Pro Audio Bluetooth Speaker VBT5 Buit in Power Bank 5200Mah,/en-ae/jbl-portable-bluetooth-speakers-jbl-go-3-red/p/1760863
Bluetooth Speakers,VOZ Pro Audio Bluetooth Speaker VBT5 Buit in Power Bank 5200Mah,/en-ae/jbl-portable-bluetooth-speakers-jbl-go-3-green/p/1760811
Bluetooth Speakers,VOZ Pro Audio Bluetooth Speaker VBT5 Buit in Power Bank 5200Mah,/en-ae/jbl-portable-bluetooth-speakers-jbl-go-3-white/p/1760865
Bluetooth Speakers,VOZ Pro Audio Bluetooth Speaker VBT5 Buit in Power Bank 5200Mah,/en-ae/jbl-portable-bluetooth-speaker-xtreme-3-blue/p/1798690
Bluetooth Speakers,VOZ Pro Audio Bluetooth Speaker VBT5 Buit in Power Bank 5200Mah,/en-ae/jbl-portable-bluetooth-speaker-xtreme-3-camouflage/p/1798691
Bluetooth Speakers,VOZ Pro Audio Bluetooth Speaker VBT5 Buit in Power Bank 5200Mah,/en-ae/marshall-portable-bluetooth-speaker-willen-black-and/p/2049611
